scenario,time,nextSegmentX,heroX,heroActive,generationComplete
map-River-developed-early,5656.3717657016441,192,15.9195518,True,True
map-Haloween-developed-creation,5692.0101194016443,0,3.42,True,False
map-Haloween-developed-creation,5692.467709501645,64,3.42,True,False
map-Haloween-developed-creation,5692.8874160016439,128,3.42,True,False
map-Haloween-developed-creation,5693.2810914016445,192,3.42,True,False
map-Haloween-developed-early,5713.0388663016438,256,131.522812,True,True
map-Haloween-developed-later,5723.3924648016437,320,194.703186,True,True
map-Farmlands-developed-loadout-creation,5735.7607078016445,0,3.42,True,False
map-Farmlands-developed-loadout-creation,5736.3343845016443,64,3.42,True,False
map-Farmlands-developed-loadout-creation,5736.7175727016438,128,3.42,True,False
map-Farmlands-developed-loadout-creation,5737.179262601645,192,3.42,True,False
map-Farmlands-developed-loadout-early,5747.8277706016452,256,139.144623,True,True
map-Farmlands-developed-loadout-early,5750.4900445016447,320,200.580246,True,True
map-Farmlands-developed-loadout-early,5753.678459101644,384,272.94812,True,True
map-Farmlands-developed-loadout-early,5756.8454429016438,448,326.50708,True,True
map-Farmlands-developed-loadout-later,5760.0677204016447,512,399.644226,True,True
map-Farmlands-developed-loadout-later,5763.481976301644,576,460.328827,True,True
map-Farmlands-developed-loadout-later,5765.9143937016452,640,519.8804,True,True
map-Farmlands-developed-loadout-later,5769.6806263016442,704,587.1755,True,True
map-Farmlands-developed-loadout-later,5772.7708098016446,768,652.1623,True,True
map-Woods-developed-loadout-creation,5779.5862933016451,0,3.42,True,False
map-Woods-developed-loadout-creation,5780.0563957016439,64,3.42,True,False
map-Woods-developed-loadout-creation,5780.4286616016434,128,3.42,True,False
map-Woods-developed-loadout-creation,5780.8180796016441,192,3.42,True,False
map-Woods-developed-loadout-early,5793.0724480016452,256,139.355179,True,True
map-Woods-developed-loadout-early,5796.7404052016445,320,197.50415,True,True
map-Woods-developed-loadout-early,5801.2606067016441,384,272.509521,True,True
map-Woods-developed-loadout-later,5804.6499589016439,448,327.183624,True,True
map-Woods-developed-loadout-later,5807.9962853016441,512,385.21524,True,True
map-Woods-developed-loadout-later,5812.408480901644,576,459.512726,True,True
map-Woods-developed-loadout-later,5815.6448456016442,640,512.5423,True,True
map-Mines-developed-loadout-creation,5823.3991494016445,0,3.42,True,False
map-Mines-developed-loadout-creation,5823.982684601644,64,3.42,True,False
map-Mines-developed-loadout-creation,5824.369237701645,128,3.42,True,False
map-Mines-developed-loadout-creation,5824.7881697016437,192,3.42,True,False
map-Mines-developed-loadout-creation,5830.7908807016447,256,140.893784,True,True
map-Mines-developed-loadout-early,5835.2207404016444,320,207.735458,True,True
map-Mines-developed-loadout-early,5838.4561511016436,384,272.973755,True,True
map-Mines-developed-loadout-early,5841.0345345016449,448,334.696869,True,True
map-Mines-developed-loadout-early,5844.1209319016434,512,392.3961,True,True
map-Mines-developed-loadout-later,5847.7929796016451,576,457.4883,True,True
map-Mines-developed-loadout-later,5850.6972321016437,640,519.102051,True,True
map-Mines-developed-loadout-later,5853.5846332016445,704,587.9275,True,True
map-Mines-developed-loadout-later,5856.7907252016448,768,653.491,True,True
map-Mines-developed-loadout-later,5859.4336292016451,832,722.355042,True,True
map-River-developed-loadout-creation,5867.2503873016449,0,3.42,True,False
map-River-developed-loadout-creation,5867.7162404016435,64,3.42,True,False
map-River-developed-loadout-creation,5868.042295901645,128,3.42,True,False
map-River-developed-loadout-creation,5868.3750382016442,192,3.42,True,False
map-River-developed-loadout-early,5875.6890032016436,256,138.877914,True,True
map-River-developed-loadout-early,5879.7662476016449,320,207.314835,True,True
map-River-developed-loadout-early,5882.2894917016438,384,269.058,True,True
map-River-developed-loadout-early,5885.0633801016447,448,332.751465,True,True
map-River-developed-loadout-early,5887.377777601645,512,395.144043,True,True
map-River-developed-loadout-early,5890.0795448016452,576,454.142517,True,True
map-River-developed-loadout-later,5892.8703328016436,640,526.3613,True,True
map-River-developed-loadout-later,5895.2626282016445,704,581.719055,True,True
map-River-developed-loadout-later,5897.9463047016434,768,650.3274,True,True
map-River-developed-loadout-later,5900.6202124016436,832,711.5728,True,True
map-River-developed-loadout-later,5903.1202750016437,896,778.9858,True,True
map-Haloween-developed-loadout-creation,5911.0113019016444,0,3.42,True,False
map-Haloween-developed-loadout-creation,5911.4294248016449,64,3.42,True,False
map-Haloween-developed-loadout-creation,5911.796953301644,128,3.42,True,False
map-Haloween-developed-loadout-creation,5912.2583732016446,192,3.42,True,False
map-Haloween-developed-loadout-creation,5918.2249018016446,256,136.26622,True,True
map-Haloween-developed-loadout-early,5921.4634407016438,320,197.108063,True,True
map-Haloween-developed-loadout-early,5924.4774146016443,384,271.966,True,True
map-Haloween-developed-loadout-early,5927.318095601644,448,337.024567,True,True
map-Haloween-developed-loadout-early,5929.5314581016446,512,399.0361,True,True
map-Haloween-developed-loadout-early,5932.425752301644,576,465.2211,True,True
map-Haloween-developed-loadout-later,5935.2756682016443,640,518.574036,True,True
map-Haloween-developed-loadout-later,5938.9909760016435,704,581.654053,True,True
map-Haloween-developed-loadout-later,5942.6564094016449,768,646.694641,True,True
map-Haloween-developed-loadout-later,5946.262236501645,832,711.8501,True,True
map-hotspot-warm,6270.9797761016434,0,3.42,True,False
map-hotspot-warm,6271.5051892016436,64,3.42,True,False
map-hotspot-warm,6271.8672431016439,128,3.42,True,False
map-hotspot-warm,6272.3090438016443,192,3.42,True,False
timeline-map-loadout,6286.8578839016445,256,143.566528,True,True
timeline-map-loadout,6291.4821093016435,320,201.357513,True,True
timeline-map-loadout,6295.6916244016447,384,271.158417,True,True
paired-farmlands-normal-cap30-r1-creation,6566.4208042016435,0,3.42,True,False
paired-farmlands-normal-cap30-r1-creation,6567.1892002016448,64,3.42,True,False
paired-farmlands-normal-cap30-r1-creation,6567.8506453016435,128,3.42,True,False
paired-farmlands-normal-cap30-r1-creation,6568.5200464016434,192,3.42,True,False
paired-farmlands-normal-cap30-r1,6584.1127616016438,256,134.150269,True,True
paired-farmlands-normal-cap30-r1,6592.7889105016438,320,201.109283,True,True
paired-farmlands-normal-cap30-r2-creation,6603.3733240016445,0,3.42,True,False
paired-farmlands-normal-cap30-r2-creation,6604.055775101644,64,3.42,True,False
paired-farmlands-normal-cap30-r2-creation,6604.710766301645,128,3.42,True,False
paired-farmlands-normal-cap30-r2-creation,6605.395278801645,192,3.42,True,False
paired-farmlands-normal-cap30-r2,6624.0606476016437,256,133.869324,True,True
paired-farmlands-normal-cap30-r2,6632.6435872016446,320,197.6905,True,True
paired-farmlands-normal-cap30-r3-creation,6640.2668070016443,0,3.42,True,False
paired-farmlands-normal-cap30-r3-creation,6640.9599207016436,64,3.42,True,False
paired-farmlands-normal-cap30-r3-creation,6641.6120695016434,128,3.42,True,False
paired-farmlands-normal-cap30-r3-creation,6642.2976651016452,192,3.42,True,False
paired-farmlands-normal-cap30-r3,6657.2659564016449,256,136.9685,True,True
paired-farmlands-normal-cap30-r3,6665.295833301645,320,196.954224,True,True
paired-farmlands-normal-cap30-r3-return,6672.3993360016448,384,265.5661,False,True
paired-farmlands-normal-cap144-r1-creation,6677.142120501645,0,3.42,True,False
paired-farmlands-normal-cap144-r1-creation,6677.6274499016436,64,3.42,True,False
paired-farmlands-normal-cap144-r1-creation,6678.0146280016452,128,3.42,True,False
paired-farmlands-normal-cap144-r1-creation,6678.4537471016447,192,3.42,True,False
paired-farmlands-normal-cap144-r1,6695.533831101644,256,136.000626,True,True
paired-farmlands-normal-cap144-r1,6703.697921801644,320,197.388748,True,True
paired-farmlands-normal-cap144-r2-creation,6714.012265401645,0,3.42,True,False
paired-farmlands-normal-cap144-r2-creation,6714.6075933016436,64,3.42,True,False
paired-farmlands-normal-cap144-r2-creation,6715.1445682016438,128,3.42,True,False
paired-farmlands-normal-cap144-r2-creation,6715.665970901644,192,3.42,True,False
paired-farmlands-normal-cap144-r2,6730.5437558016438,256,135.000977,True,True
paired-farmlands-normal-cap144-r2,6739.133701101644,320,195.795288,True,True
paired-farmlands-normal-cap144-r3-creation,6750.9712867016442,0,3.42,True,False
paired-farmlands-normal-cap144-r3-creation,6751.4825434016439,64,3.42,True,False
paired-farmlands-normal-cap144-r3-creation,6752.0678649016445,128,3.42,True,False
paired-farmlands-normal-cap144-r3-creation,6752.6039656016437,192,3.42,True,False
paired-farmlands-normal-cap144-r3,6771.7625945016443,256,133.237244,True,True
paired-farmlands-normal-cap144-r3,6778.6417624016449,320,197.795013,True,True
paired-farmlands-slip-cap30-r1-creation,6787.6404258016446,0,3.42,True,False
paired-farmlands-slip-cap30-r1-creation,6788.288472301645,64,3.42,True,False
paired-farmlands-slip-cap30-r1-creation,6788.9736766016449,128,3.42,True,False
paired-farmlands-slip-cap30-r1-creation,6789.672184201645,192,3.42,True,False
paired-farmlands-slip-cap30-r1,6803.1946581016437,256,139.03273,True,True
paired-farmlands-slip-cap30-r1,6806.8237280016438,320,206.437256,True,True
paired-farmlands-slip-cap30-r1,6810.574730401644,384,266.348755,True,True
paired-farmlands-slip-cap30-r1,6814.7399234016448,448,327.498657,True,True
paired-farmlands-slip-cap30-r1,6819.0158492016435,512,384.864532,True,True
paired-farmlands-slip-cap30-r2-creation,6824.3142563016445,0,3.42,True,False
paired-farmlands-slip-cap30-r2-creation,6824.9658427016439,64,3.42,True,False
paired-farmlands-slip-cap30-r2-creation,6825.633320801644,128,3.42,True,False
paired-farmlands-slip-cap30-r2-creation,6826.3111772016437,192,3.42,True,False
paired-farmlands-slip-cap30-r2,6839.085133601644,256,139.899063,True,True
paired-farmlands-slip-cap30-r2,6842.8541986016444,320,205.597885,True,True
paired-farmlands-slip-cap30-r2,6846.7970250016442,384,262.255127,True,True
paired-farmlands-slip-cap30-r2,6851.2033953016435,448,333.73407,True,True
paired-farmlands-slip-cap30-r2,6856.107996001645,512,398.8572,True,True
paired-farmlands-slip-cap30-r3-creation,6860.8858701016434,0,3.42,True,False
paired-farmlands-slip-cap30-r3-creation,6861.568718501645,64,3.42,True,False
paired-farmlands-slip-cap30-r3-creation,6862.2282180016446,128,3.42,True,False
paired-farmlands-slip-cap30-r3-creation,6862.9326714016443,192,3.42,True,False
paired-farmlands-slip-cap30-r3,6877.4487205016449,256,137.409531,True,True
paired-farmlands-slip-cap30-r3,6882.5542126016444,320,204.798279,True,True
paired-farmlands-slip-cap30-r3,6886.6268350016435,384,265.795074,True,True
paired-farmlands-slip-cap30-r3,6890.1516058016441,448,321.757355,True,True
paired-farmlands-slip-cap144-r1-creation,6897.5035244016435,0,3.42,True,False
paired-farmlands-slip-cap144-r1-creation,6897.978915601645,64,3.42,True,False
paired-farmlands-slip-cap144-r1-creation,6898.4372265016445,128,3.42,True,False
paired-farmlands-slip-cap144-r1-creation,6898.9965417016447,192,3.42,True,False
paired-farmlands-slip-cap144-r1,6911.0497784016443,256,141.931946,True,True
paired-farmlands-slip-cap144-r1,6913.9555661016439,320,206.424591,True,True
paired-farmlands-slip-cap144-r1,6918.2974398016449,384,265.037476,True,True
paired-farmlands-slip-cap144-r1,6921.402101001644,448,324.891571,True,True
paired-farmlands-slip-cap144-r1,6924.4525758016443,512,399.0138,True,True
paired-farmlands-slip-cap144-r1,6927.5675121016448,576,464.212677,True,True
paired-farmlands-slip-cap144-r2-creation,6934.1359903016437,0,3.42,True,False
paired-farmlands-slip-cap144-r2-creation,6934.7940697016438,64,3.42,True,False
paired-farmlands-slip-cap144-r2-creation,6935.2533156016434,128,3.42,True,False
paired-farmlands-slip-cap144-r2-creation,6935.7371853016448,192,3.42,True,False
paired-farmlands-slip-cap144-r2,6946.266077401644,256,136.281387,True,True
paired-farmlands-slip-cap144-r2,6949.9869377016439,320,205.849472,True,True
paired-farmlands-slip-cap144-r2,6954.2244439016449,384,264.7925,True,True
paired-farmlands-slip-cap144-r2,6957.5948914016444,448,336.6352,True,True
paired-farmlands-slip-cap144-r2,6960.2249607016438,512,403.7108,True,True
paired-farmlands-slip-cap144-r2,6963.5665709016448,576,466.388824,True,True
paired-farmlands-slip-cap144-r3-creation,6970.8282371016448,0,3.42,True,False
paired-farmlands-slip-cap144-r3-creation,6971.3236487016438,64,3.42,True,False
paired-farmlands-slip-cap144-r3-creation,6971.7658122016437,128,3.42,True,False
paired-farmlands-slip-cap144-r3-creation,6972.217716901645,192,3.42,True,False
paired-farmlands-slip-cap144-r3,6984.4048152016439,256,140.002945,True,True
paired-farmlands-slip-cap144-r3,6987.7043836016437,320,206.159714,True,True
paired-farmlands-slip-cap144-r3,6990.6450909016439,384,257.8278,True,True
paired-farmlands-slip-cap144-r3,6994.1542614016435,448,330.10733,True,True
paired-farmlands-slip-cap144-r3,6997.0410441016447,512,399.26297,True,True
paired-farmlands-slip-cap144-r3,7000.5820935016436,576,459.0109,True,True
late-run-farmlands-start,7007.5297194016439,0,3.42,True,False
late-run-farmlands-start,7007.9944735016434,64,3.42,True,False
late-run-farmlands-start,7008.4878464016438,128,3.42,True,False
late-run-farmlands-start,7009.057472501645,192,3.42,True,False
late-run-farmlands-minute1,7019.9114986016448,256,142.276276,True,True
late-run-farmlands-minute1,7022.8354902016436,320,206.591553,True,True
late-run-farmlands-minute1,7025.9701582016442,384,273.1535,True,True
late-run-farmlands-minute1,7029.1675450016446,448,327.554077,True,True
late-run-farmlands-minute1,7032.0164154016438,512,389.286072,True,True
late-run-farmlands-minute1,7036.2235664016443,576,460.9145,True,True
late-run-farmlands-minute1,7039.4838031016443,640,521.3829,True,True
late-run-farmlands-minute1,7042.7065844016452,704,590.25885,True,True
late-run-farmlands-minute1,7046.2827361016443,768,655.372253,True,True
late-run-farmlands-minute1,7049.9221243016436,832,709.4651,True,True
late-run-farmlands-minute1,7053.469998501645,896,783.738037,True,True
late-run-farmlands-minute1,7056.9842572016441,960,842.9825,True,True
late-run-farmlands-minute1,7061.275658501645,1024,909.734,True,True
late-run-farmlands-minute1,7063.8305375016444,1088,969.769531,True,True
late-run-farmlands-minute1,7068.6236384016447,1152,1025.90332,True,True
late-run-farmlands-minute1,7073.3550928016448,1216,1090.51245,True,True
late-run-farmlands-minute2,7078.4152040016452,1280,1167.53357,True,True
late-run-farmlands-minute2,7082.0310818016442,1344,1234.78,True,True
late-run-farmlands-minute2,7084.9275434016436,1408,1286.26819,True,True
late-run-farmlands-minute2,7089.1297534016448,1472,1349.76843,True,True
late-run-farmlands-minute2,7092.7336096016443,1536,1413.90173,True,True
late-run-farmlands-minute2,7096.8660948016441,1600,1479.35754,True,True
late-run-farmlands-minute2,7100.8348217016446,1664,1549.46655,True,True
late-run-farmlands-minute2,7104.5458094016449,1728,1612.28577,True,True
late-run-farmlands-minute2,7108.3037442016448,1792,1679.58325,True,True
late-run-farmlands-minute2,7111.7543603016438,1856,1741.7793,True,True
late-run-farmlands-minute2,7115.7123646016444,1920,1805.20007,True,True
late-run-farmlands-minute2,7119.9727849016435,1984,1861.9137,True,True
late-run-farmlands-minute2,7123.408373301645,2048,1930.5752,True,True
late-run-farmlands-minute2,7127.0918172016445,2112,1999.13257,True,True
late-run-farmlands-minute2,7130.4220788016446,2176,2059.61743,True,True
late-run-farmlands-minute2,7134.1287752016451,2240,2116.5415,True,True
late-run-farmlands-minute3,7138.7874370016434,2304,2189.57983,True,True
late-run-farmlands-minute3,7142.9442483016446,2368,2253.01929,True,True
late-run-farmlands-minute3,7147.0430424016449,2432,2316.723,True,True
late-run-farmlands-minute3,7150.508874301644,2496,2381.78735,True,True
late-run-farmlands-minute3,7154.738555101645,2560,2451.28076,True,True
late-run-farmlands-minute3,7157.9946171016436,2624,2492.61328,True,True
late-run-farmlands-minute3,7162.9573731016444,2688,2577.15332,True,True
late-run-farmlands-minute3,7166.8895885016445,2752,2637.93335,True,True
late-run-farmlands-minute3,7170.4992122016447,2816,2695.0918,True,True
late-run-farmlands-minute3,7174.8107675016436,2880,2763.86,True,True
late-run-farmlands-minute3,7178.8912434016438,2944,2830.20386,True,True
late-run-farmlands-minute3,7182.5663678016444,3008,2897.66528,True,True
late-run-farmlands-minute3,7187.1271474016448,3072,2957.344,True,True
late-run-farmlands-minute3,7191.6410981016434,3136,3017.29688,True,True
late-run-farmlands-minute3,7195.9000683016438,3200,3083.09521,True,True
late-run-farmlands-minute4,7200.4451002016449,3264,3154.39063,True,True
late-run-farmlands-minute4,7204.5507279016438,3328,3213.236,True,True
late-run-farmlands-minute4,7208.6204143016439,3392,3270.9812,True,True
late-run-farmlands-minute4,7213.0623581016443,3456,3342.9,True,True
late-run-farmlands-minute4,7218.0475758016437,3520,3398.49341,True,True
late-run-farmlands-minute4,7222.3463437016435,3584,3463.48047,True,True
late-run-farmlands-minute4,7227.9030518016443,3648,3535.603,True,True
late-run-farmlands-minute4,7232.330731901644,3712,3593.06519,True,True
late-run-farmlands-minute4,7237.265571201644,3776,3655.785,True,True
late-run-farmlands-minute4,7242.3698296016446,3840,3727.29443,True,True
late-run-farmlands-minute4,7246.6912658016445,3904,3793.52515,True,True
late-run-farmlands-minute4,7250.9902866016437,3968,3848.11255,True,True
late-run-farmlands-minute4,7256.1427443016437,4032,3915.21265,True,True
late-run-farmlands-minute5,7259.7361378016449,4096,3980.26538,True,True
late-run-farmlands-minute5,7264.5017572016441,4160,4039.802,True,True
late-run-farmlands-minute5,7269.6104964016449,4224,4109.84668,True,True
late-run-farmlands-minute5,7273.707729701644,4288,4164.94043,True,True
late-run-farmlands-minute5,7278.5793582016449,4352,4239.29736,True,True
late-run-farmlands-minute5,7283.0263505016446,4416,4298.843,True,True
late-run-farmlands-minute5,7288.023661901645,4480,4374.93,True,True
late-run-farmlands-minute5,7291.7606540016441,4544,4418.51563,True,True
late-run-farmlands-minute5,7297.1360264016439,4608,4487.341,True,True
late-run-farmlands-minute5,7301.9197892016437,4672,4554.899,True,True
late-run-farmlands-minute5,7306.4221156016447,4736,4624.705,True,True
reap-threshold-setup,7332.1149872016449,0,3.42,True,False
reap-threshold-setup,7332.7522185016442,64,3.42,True,False
reap-threshold-setup,7333.2298086016435,128,3.42,True,False
reap-threshold-setup,7333.7618974016441,192,3.42,True,False
