scenario,crafts,seconds,crafts_per_s
forge-auto-config-20-r3,320,17.054709100000764,18.76314618582299
forge-auto-config-100-r1,1890,19.988966599999912,94.5521615909853
forge-auto-config-100-r2,1890,19.996067699999912,94.518583771348617
forge-auto-config-100-r3,1880,19.99653859999853,94.016271396097437
forge-auto-config-1000-r1,18300,19.975845400000253,916.10640919356376
forge-auto-config-1000-r2,18600,19.995339700000841,930.21675445700066
forge-auto-config-1000-r3,18300,19.987864400000035,915.55554079103956
forge-close-stops-auto,13900,14.982291999998779,927.76192053933619
forge-behind-cauldron,27500,29.967115100000228,917.672585707117
forge-restore-config,0,1.9915989000000991,0
timeline-closed,0,2.9935432999991463,0
timeline-cauldron,0,2.9817385000005743,0
timeline-alterEchoes,0,2.9956521999993129,0
cpu-cleanup,0,1.9845980999998574,0
taste-native-cap30-r1,0,20.022631199999523,0
taste-native-cap30-r2,0,19.998708299999635,0
taste-native-cap30-r3,0,20.025918600000296,0
taste-native-cap60-r1,0,19.998386199999004,0
taste-native-cap60-r2,0,20.004480999999942,0
taste-native-cap60-r3,0,20.005166200000531,0
taste-native-cap144-r1,0,19.992321600000651,0
taste-native-cap144-r2,0,19.988948899999741,0
taste-native-cap144-r3,0,19.984754600000088,0
restore-uncapped,0,1.9963926999989781,0
taste-empty-cards-closed,0,19.989708400000382,0
taste-empty-cards-open,0,19.987429299999349,0
taste-tier-boundary-closed,0,19.996299700000236,0
taste-tier-boundary-open,0,19.988182900000538,0
taste-maxed-infinity-closed,0,19.990647599999647,0
taste-maxed-infinity-open,0,19.97142089999943,0
ui-cycles-1,0,44.923919700000624,0
ui-retained-1,0,9.9908579999992071,0
ui-cycles-2,0,44.964008899998589,0
ui-retained-2,0,9.9916907000006177,0
ui-cycles-3,0,44.97828600000139,0
ui-retained-3,0,9.9927076000003581,0
map-Farmlands-fresh-creation,0,7.9969114000014088,0
map-Farmlands-fresh-early,0,14.989692600000126,0
map-Farmlands-fresh-later,0,14.990847799999756,0
map-Farmlands-fresh-return,0,4.9956284999989293,0
map-Woods-fresh-creation,0,7.9972211999993306,0
map-Woods-fresh-early,0,14.99514470000031,0
map-Woods-fresh-later,0,14.991794000001391,0
map-Woods-fresh-return,0,4.9966831000001548,0
map-Mines-fresh-creation,0,7.9957887000000483,0
map-Mines-fresh-early,0,14.993830100000196,0
map-Mines-fresh-later,0,14.99239099999977,0
map-Mines-fresh-return,0,4.9961655999995855,0
map-River-fresh-creation,0,7.9957042000005458,0
map-River-fresh-early,0,14.991399900000033,0
map-River-fresh-later,0,14.996699499999522,0
map-River-fresh-return,0,4.9957152999995742,0
map-Haloween-fresh-creation,0,7.99430349999966,0
map-Haloween-fresh-early,0,14.996592800000144,0
map-Haloween-fresh-later,0,14.989727600001061,0
map-Haloween-fresh-return,0,4.9912533000006079,0
map-Farmlands-mid-proxy-creation,0,7.9973319000000629,0
map-Farmlands-mid-proxy-early,0,14.986657000001287,0
map-Farmlands-mid-proxy-later,0,14.987394800000402,0
map-Farmlands-mid-proxy-return,0,4.99018629999955,0
map-Woods-mid-proxy-creation,0,7.9869704000011552,0
map-Woods-mid-proxy-early,0,14.992041299999983,0
map-Woods-mid-proxy-later,0,14.989760799999203,0
map-Woods-mid-proxy-return,0,4.9852339999997639,0
map-Mines-mid-proxy-creation,0,7.9887662000001,0
map-Mines-mid-proxy-early,0,14.993423300000359,0
map-Mines-mid-proxy-later,0,14.988714799999798,0
map-Mines-mid-proxy-return,0,4.9941770999994333,0
map-River-mid-proxy-creation,0,7.99408190000031,0
map-River-mid-proxy-early,0,14.986086100001557,0
map-River-mid-proxy-later,0,14.992929899999581,0
map-River-mid-proxy-return,0,4.9930903000004037,0
map-Haloween-mid-proxy-creation,0,7.991449900000589,0
map-Haloween-mid-proxy-early,0,14.98849280000104,0
map-Haloween-mid-proxy-later,0,14.997490599998855,0
map-Haloween-mid-proxy-return,0,4.9957457000000431,0
map-Farmlands-developed-creation,0,7.98567550000007,0
map-Farmlands-developed-early,0,14.994233599998552,0
map-Farmlands-developed-later,0,14.985095399999409,0
map-Farmlands-developed-return,0,4.985598300001584,0
map-Woods-developed-creation,0,7.98571660000016,0
map-Woods-developed-early,0,14.995054699998946,0
map-Woods-developed-later,0,14.996849499999371,0
map-Woods-developed-return,0,4.9974275999993552,0
map-Mines-developed-creation,0,7.9880235000000539,0
map-Mines-developed-early,0,14.989769599998908,0
map-Mines-developed-later,0,14.994633500000418,0
map-Mines-developed-return,0,4.99375289999989,0
map-River-developed-creation,0,7.8582167000004119,0
map-River-developed-early,0,14.994082900000649,0
map-River-developed-later,0,14.991114200000084,0
map-River-developed-return,0,4.9933721000015794,0
map-Haloween-developed-creation,0,7.9926529999993363,0
map-Haloween-developed-early,0,14.988566199999696,0
map-Haloween-developed-later,0,14.991423100000247,0
map-Haloween-developed-return,0,4.99610709999979,0
map-Farmlands-developed-loadout-creation,0,7.9896940999988146,0
map-Farmlands-developed-loadout-early,0,14.993869100000666,0
map-Farmlands-developed-loadout-later,0,14.994695099998353,0
map-Farmlands-developed-loadout-return,0,4.9942085000002407,0
map-Woods-developed-loadout-creation,0,7.9899943000000349,0
map-Woods-developed-loadout-early,0,14.99446159999934,0
map-Woods-developed-loadout-later,0,14.970485499999995,0
map-Woods-developed-loadout-return,0,4.9948776999990514,0
map-Mines-developed-loadout-creation,0,7.9873019999995449,0
map-Mines-developed-loadout-early,0,14.984970999999859,0
map-Mines-developed-loadout-later,0,14.991879100000006,0
map-Mines-developed-loadout-return,0,4.9886198999993212,0
map-River-developed-loadout-creation,0,7.9905859999998938,0
map-River-developed-loadout-early,0,14.993744899999001,0
map-River-developed-loadout-later,0,14.971450700000787,0
map-River-developed-loadout-return,0,4.9959369999996852,0
map-Haloween-developed-loadout-creation,0,7.9958973999982845,0
map-Haloween-developed-loadout-early,0,14.978243499999735,0
map-Haloween-developed-loadout-later,0,14.979440999999497,0
map-Haloween-developed-loadout-return,0,4.9895074999985809,0
post-map-town,0,19.993863899999269,0
save-load-fresh,0,24.992135399999825,0
save-load-developed,0,24.993525799998679,0
save-load-history10000,0,24.997674199999892,0
save-results,0,4.9927529999986291,0
offline-3600,0,14.996970099999089,0
offline-86400,0,14.989829599999211,0
offline-604800,0,14.994224000000031,0
forge-manual-observed-r1,190,19.993021399999634,9.5033159920492789
forge-manual-observed-r2,188,19.994279800001095,9.40268926315564
offline-validated-3600,0,9.9895371000002342,0
offline-validated-86400,0,9.9925760999994964,0
offline-validated-604800,0,9.9916174999998475,0
forge-manual-observed-r3,190,19.993392200000017,9.5031397423394637
forge-native-cap30-r1,320,19.998304900000221,16.001356194944126
map-hotspot-warm,0,9.9710240000003978,0
timeline-map-loadout,0,14.98071660000096,0
map-hotspot-return,0,4.9864914000008866,0
forge-native-cap30-r2,324,19.993621999999959,16.205167828020389
forge-native-cap30-r3,320,19.997420199999397,16.002064106249549
forge-native-cap60-r1,370,19.983487999999852,18.515286220303619
forge-native-cap60-r2,370,20.003185100000337,18.497054251624846
forge-native-cap60-r3,370,19.974513400000433,18.523605185796015
forge-native-cap144-r1,378,19.989297300000544,18.910119466780341
forge-native-cap144-r2,382,19.991782600000079,19.107850842675656
forge-native-cap144-r3,378,19.99605899999915,18.903724979007919
inventory-sort-select,0,19.98885109999901,0
collections-tooltip,0,19.989784999999756,0
layout-probe-cauldron,0,1.990129199999501,0
layout-probe-forge,0,1.99240699999973,0
paired-farmlands-normal-cap30-r1-creation,0,7.0091987000014342,0
paired-farmlands-normal-cap30-r1,0,25.00440510000044,0
paired-farmlands-normal-cap30-r1-return,0,4.0075735999998869,0
paired-farmlands-normal-cap30-r2-creation,0,6.9958455999985745,0
paired-farmlands-normal-cap30-r2,0,24.978494299999511,0
paired-farmlands-normal-cap30-r2-return,0,4.0159724000004644,0
paired-farmlands-normal-cap30-r3-creation,0,6.9897848000000522,0
paired-farmlands-normal-cap30-r3,0,24.986046699999861,0
paired-farmlands-normal-cap30-r3-return,0,4.0122701000000234,0
paired-farmlands-normal-cap144-r1-creation,0,6.9804579000010563,0
paired-farmlands-normal-cap144-r1,0,24.995922599999176,0
paired-farmlands-normal-cap144-r1-return,0,3.9894001000011485,0
paired-farmlands-normal-cap144-r2-creation,0,6.9877476000001479,0
paired-farmlands-normal-cap144-r2,0,24.990738399999827,0
paired-farmlands-normal-cap144-r2-return,0,3.9905226999999286,0
paired-farmlands-normal-cap144-r3-creation,0,6.9968492000007245,0
paired-farmlands-normal-cap144-r3,0,24.981419400000959,0
paired-farmlands-normal-cap144-r3-return,0,3.9910705999991478,0
paired-farmlands-slip-cap30-r1-creation,0,6.9950995999988663,0
paired-farmlands-slip-cap30-r1,0,25.008581899999626,0
paired-farmlands-slip-cap30-r1-return,0,4.01747129999967,0
paired-farmlands-slip-cap30-r2-creation,0,6.9871959000010975,0
paired-farmlands-slip-cap30-r2,0,24.988527199999226,0
paired-farmlands-slip-cap30-r2-return,0,3.9920724999992672,0
paired-farmlands-slip-cap30-r3-creation,0,6.9977543999993941,0
paired-farmlands-slip-cap30-r3,0,25.004642999998396,0
paired-farmlands-slip-cap30-r3-return,0,4.0038631000006717,0
paired-farmlands-slip-cap144-r1-creation,0,6.9952049000003171,0
paired-farmlands-slip-cap144-r1,0,24.9655731999992,0
paired-farmlands-slip-cap144-r1-return,0,3.9955648999984987,0
paired-farmlands-slip-cap144-r2-creation,0,6.9828228000005765,0
paired-farmlands-slip-cap144-r2,0,24.985630200000742,0
paired-farmlands-slip-cap144-r2-return,0,3.9962050000012823,0
paired-farmlands-slip-cap144-r3-creation,0,6.9879170999993221,0
paired-farmlands-slip-cap144-r3,0,24.990022800000588,0
paired-farmlands-slip-cap144-r3-return,0,3.9932599999992817,0
late-run-farmlands-start,0,9.9830085999983567,0
late-run-farmlands-minute1,0,59.987722900001245,0
late-run-farmlands-minute2,0,59.993258200000128,0
late-run-farmlands-minute3,0,59.986996399999043,0
late-run-farmlands-minute4,0,59.980893100000685,0
late-run-farmlands-minute5,0,59.996555300000182,0
forced-death-transition,0,7.981700100001035,0
death-return,0,4.9892201000002387,0
reap-threshold-setup,0,9.9861370999988139,0
reap-threshold-transition,0,11.98777500000142,0
reap-return,0,4.9901288000000932,0
final-retained-town,0,19.995896400001584,0
