equipment-events-forge,1,1.8815
equipment-events-forge,2,1.1665
equipment-events-forge,3,1.048
equipment-events-forge,4,1.1771
equipment-events-forge,5,1.346
equipment-events-forge,6,1.7348
equipment-events-forge,7,1.3864
equipment-events-forge,8,2.0556
equipment-events-forge,9,1.3475
equipment-events-forge,10,1.5352
equipment-events-forge,11,1.4189
equipment-events-forge,12,1.6038
equipment-events-forge,13,1.5294
equipment-events-forge,14,1.628
equipment-events-forge,15,1.3967
equipment-events-forge,16,1.7882
equipment-events-forge,17,1.5048
equipment-events-forge,18,1.6202
equipment-events-forge,19,1.2704
equipment-events-forge,20,1.6857
equipment-events-forge,21,1.19
equipment-events-forge,22,1.3067
equipment-events-forge,23,1.1883
equipment-events-forge,24,1.5694
equipment-events-forge,25,1.2494
equipment-events-forge,26,1.9615
equipment-events-forge,27,1.4554
equipment-events-forge,28,1.7565
equipment-events-forge,29,1.2567
equipment-events-forge,30,1.6013
equipment-events-forge,31,1.3678
equipment-events-forge,32,1.5502
equipment-events-forge,33,1.2864
equipment-events-forge,34,1.501
equipment-events-forge,35,1.1888
equipment-events-forge,36,1.7244
equipment-events-forge,37,1.2416
equipment-events-forge,38,1.5622
equipment-events-forge,39,1.2222
equipment-events-forge,40,1.4644
equipment-events-forge,41,1.3378
equipment-events-forge,42,1.4944
equipment-events-forge,43,1.5359
equipment-events-forge,44,1.178
equipment-events-forge,45,1.1966
equipment-events-forge,46,1.4971
equipment-events-forge,47,1.1691
equipment-events-forge,48,1.9296
equipment-events-forge,49,1.3391
equipment-events-forge,50,1.5076
equipment-events-forge,51,1.1829
equipment-events-forge,52,1.2366
equipment-events-forge,53,1.4757
equipment-events-forge,54,1.609
equipment-events-forge,55,1.2693
equipment-events-forge,56,1.484
equipment-events-forge,57,1.866
equipment-events-forge,58,2.3076
equipment-events-forge,59,1.7858
equipment-events-forge,60,1.8601
equipment-events-forge,61,1.2108
equipment-events-forge,62,1.5173
equipment-events-forge,63,1.3294
equipment-events-forge,64,1.4898
equipment-events-forge,65,1.251
equipment-events-forge,66,1.7027
equipment-events-forge,67,1.3076
equipment-events-forge,68,1.5852
equipment-events-forge,69,1.1932
equipment-events-forge,70,1.8332
equipment-events-forge,71,1.2764
equipment-events-forge,72,1.6316
equipment-events-forge,73,1.2185
equipment-events-forge,74,1.3712
equipment-events-forge,75,1.1776
equipment-events-forge,76,1.4984
equipment-events-forge,77,1.453
equipment-events-forge,78,1.5772
equipment-events-forge,79,1.4132
equipment-events-forge,80,1.7111
equipment-events-forge,81,1.1931
equipment-events-forge,82,1.2188
equipment-events-forge,83,1.1875
equipment-events-forge,84,1.5036
equipment-events-forge,85,1.251
equipment-events-forge,86,1.7319
equipment-events-forge,87,1.246
equipment-events-forge,88,1.6804
equipment-events-forge,89,1.2107
equipment-events-forge,90,1.6144
equipment-events-forge,91,1.296
equipment-events-forge,92,1.6889
equipment-events-forge,93,1.204
equipment-events-forge,94,1.7195
equipment-events-forge,95,1.3011
equipment-events-forge,96,1.5176
equipment-events-forge,97,1.1772
equipment-events-inventory,1,1.3688
equipment-events-inventory,2,0.7207
equipment-events-inventory,3,0.942
equipment-events-inventory,4,1.018
equipment-events-inventory,5,1.1232
equipment-events-inventory,6,1.0522
equipment-events-inventory,7,1.5126
equipment-events-inventory,8,1.1591
equipment-events-inventory,9,1.2954
equipment-events-inventory,10,1.5922
equipment-events-inventory,11,1.1599
equipment-events-inventory,12,0.9997
equipment-events-inventory,13,1.3294
equipment-events-inventory,14,1.0602
equipment-events-inventory,15,1.0161
equipment-events-inventory,16,1.3374
equipment-events-inventory,17,0.9987
equipment-events-inventory,18,1.0045
equipment-events-inventory,19,1.3354
equipment-events-inventory,20,0.9952
equipment-events-inventory,21,1.0376
equipment-events-inventory,22,1.3464
equipment-events-inventory,23,1.1265
equipment-events-inventory,24,1.046
equipment-events-inventory,25,2.1299
equipment-events-inventory,26,1.0262
equipment-events-inventory,27,1.372
equipment-events-inventory,28,1.3089
equipment-events-inventory,29,0.9708
equipment-events-inventory,30,1.0013
equipment-events-inventory,31,1.331
equipment-events-inventory,32,1.0098
equipment-events-inventory,33,1.0136
equipment-events-inventory,34,1.4252
equipment-events-inventory,35,1.0523
equipment-events-inventory,36,1.122
equipment-events-inventory,37,1.4936
equipment-events-inventory,38,1.1172
equipment-events-inventory,39,0.9764
equipment-events-inventory,40,1.3099
equipment-events-inventory,41,0.9805
equipment-events-inventory,42,1.1552
equipment-events-inventory,43,1.2991
equipment-events-inventory,44,1.024
equipment-events-inventory,45,1.023
equipment-events-inventory,46,1.433
equipment-events-inventory,47,1.0009
equipment-events-inventory,48,1.0426
equipment-events-inventory,49,1.3676
equipment-events-inventory,50,0.9829
equipment-events-inventory,51,1.066
equipment-events-inventory,52,1.349
equipment-events-inventory,53,1.0178
equipment-events-inventory,54,1.3183
equipment-events-inventory,55,1.4067
equipment-events-inventory,56,1.0024
equipment-events-inventory,57,1.1786
equipment-events-inventory,58,1.554
equipment-events-inventory,59,0.9985
equipment-events-inventory,60,1.0016
equipment-events-inventory,61,1.5908
equipment-events-inventory,62,0.9732
equipment-events-inventory,63,1.1726
equipment-events-inventory,64,1.3032
equipment-events-inventory,65,1.2135
equipment-events-inventory,66,1.3056
equipment-events-inventory,67,1.5917
equipment-events-inventory,68,1.045
equipment-events-inventory,69,0.976
equipment-events-inventory,70,1.3868
equipment-events-inventory,71,0.9783
equipment-events-inventory,72,1.2604
equipment-events-inventory,73,1.4984
equipment-events-inventory,74,0.9853
equipment-events-inventory,75,1.0278
equipment-events-inventory,76,1.3498
equipment-events-inventory,77,1.0291
equipment-events-inventory,78,1.005
equipment-events-inventory,79,1.2808
equipment-events-inventory,80,1.1498
equipment-events-inventory,81,0.9894
equipment-events-inventory,82,1.2976
equipment-events-inventory,83,0.9947
equipment-events-inventory,84,1.188
equipment-events-inventory,85,1.5736
equipment-events-inventory,86,1.0575
equipment-events-inventory,87,1.0183
equipment-events-inventory,88,1.3714
equipment-events-inventory,89,1.0672
equipment-events-inventory,90,1.013
equipment-events-inventory,91,1.3472
equipment-events-inventory,92,0.9921
equipment-events-inventory,93,0.9818
equipment-events-inventory,94,1.3415
equipment-events-inventory,95,0.9846
equipment-events-inventory,96,1.0844
equipment-events-inventory,97,1.5066
equipment-events-inventory,98,1.1094
equipment-events-inventory,99,1.1406
equipment-events-inventory,100,1.3813
equipment-events-inventory,101,1.0702
equipment-events-inventory,102,1.0012
equipment-events-inventory,103,1.4842
equipment-events-inventory,104,1.0777
equipment-events-inventory,105,1.0135
equipment-events-inventory,106,2.0384
equipment-events-inventory,107,1.024
equipment-events-inventory,108,1.0628
equipment-events-inventory,109,1.3203
equipment-events-inventory,110,1.0091
equipment-events-inventory,111,0.9803
equipment-events-inventory,112,1.4562
equipment-events-inventory,113,0.9812
equipment-events-inventory,114,1.1948
equipment-events-inventory,115,1.3355
equipment-events-inventory,116,1.0595
equipment-events-inventory,117,1.062
equipment-events-inventory,118,1.5499
equipment-events-inventory,119,1.1152
equipment-events-inventory,120,0.9965
equipment-events-inventory,121,1.3184
equipment-events-inventory,122,1.1085
equipment-events-inventory,123,1.0098
equipment-events-inventory,124,1.3388
equipment-events-inventory,125,1.0129
equipment-events-inventory,126,1.048
equipment-events-inventory,127,1.5957
equipment-events-inventory,128,1.0286
equipment-events-inventory,129,1.3444
equipment-events-inventory,130,1.3638
equipment-events-inventory,131,1.2462
equipment-events-inventory,132,1.1373
equipment-events-inventory,133,1.446
equipment-events-inventory,134,1.2671
equipment-events-inventory,135,1.0312
equipment-events-inventory,136,1.3471
equipment-events-inventory,137,1.3669
equipment-events-inventory,138,1.6982
equipment-events-inventory,139,2.6193
equipment-events-inventory,140,1.1832
equipment-events-inventory,141,1.6601
equipment-events-inventory,142,1.2702
equipment-events-closed,1,1.1623
equipment-events-closed,2,0.7698
equipment-events-closed,3,0.7942
equipment-events-closed,4,1.1504
equipment-events-closed,5,1.0936
equipment-events-closed,6,1.0878
equipment-events-closed,7,1.386
equipment-events-closed,8,1.0509
equipment-events-closed,9,1.0473
equipment-events-closed,10,1.4822
equipment-events-closed,11,1.121
equipment-events-closed,12,1.2048
equipment-events-closed,13,1.9087
equipment-events-closed,14,1.3722
equipment-events-closed,15,1.0742
equipment-events-closed,16,1.4056
equipment-events-closed,17,1.0964
equipment-events-closed,18,1.1376
equipment-events-closed,19,1.3668
equipment-events-closed,20,1.0836
equipment-events-closed,21,1.084
equipment-events-closed,22,1.3818
equipment-events-closed,23,1.0953
equipment-events-closed,24,1.0864
equipment-events-closed,25,1.4281
equipment-events-closed,26,1.0617
equipment-events-closed,27,1.2316
equipment-events-closed,28,1.384
equipment-events-closed,29,1.0734
equipment-events-closed,30,1.4673
equipment-events-closed,31,1.254
equipment-events-closed,32,1.0744
equipment-events-closed,33,1.4388
equipment-events-closed,34,1.5044
equipment-events-closed,35,1.2764
equipment-events-closed,36,1.1649
equipment-events-closed,37,1.4536
equipment-events-closed,38,1.0831
equipment-events-closed,39,1.1868
equipment-events-closed,40,1.3983
equipment-events-closed,41,1.1026
equipment-events-closed,42,1.1024
equipment-events-closed,43,1.4172
equipment-events-closed,44,1.152
equipment-events-closed,45,1.3999
equipment-events-closed,46,1.3973
equipment-events-closed,47,1.1096
equipment-events-closed,48,1.0773
equipment-events-closed,49,1.488
equipment-events-closed,50,1.1008
equipment-events-closed,51,1.1922
equipment-events-closed,52,1.4456
equipment-events-closed,53,1.1815
equipment-events-closed,54,1.1398
equipment-events-closed,55,1.5064
equipment-events-closed,56,1.1722
equipment-events-closed,57,1.5837
equipment-events-closed,58,1.6641
equipment-events-closed,59,1.0899
equipment-events-closed,60,1.07
equipment-events-closed,61,1.5544
equipment-events-closed,62,1.1524
equipment-events-closed,63,1.2989
equipment-events-closed,64,2.7331
equipment-events-closed,65,1.946
equipment-events-closed,66,1.1722
equipment-events-closed,67,1.4913
equipment-events-closed,68,1.1584
equipment-events-closed,69,1.1627
equipment-events-closed,70,1.538
equipment-events-closed,71,1.0504
equipment-events-closed,72,1.1336
equipment-events-closed,73,1.5671
equipment-events-closed,74,1.2148
equipment-events-closed,75,1.1332
equipment-events-closed,76,1.4501
equipment-events-closed,77,1.1457
equipment-events-closed,78,1.7224
equipment-events-closed,79,1.4344
equipment-events-closed,80,1.1096
equipment-events-closed,81,1.1072
equipment-events-closed,82,1.3622
equipment-events-closed,83,1.0845
equipment-events-closed,84,1.0652
equipment-events-closed,85,1.4525
equipment-events-closed,86,1.1944
equipment-events-closed,87,1.0878
equipment-events-closed,88,1.5512
equipment-events-closed,89,1.1399
equipment-events-closed,90,1.0992
equipment-events-closed,91,1.5876
equipment-events-closed,92,1.4089
equipment-events-closed,93,1.4596
equipment-events-closed,94,1.5048
equipment-events-closed,95,1.3963
equipment-events-closed,96,1.1107
equipment-events-closed,97,1.4292
equipment-events-closed,98,1.3969
equipment-events-closed,99,1.2779
equipment-events-closed,100,1.5462
equipment-events-closed,101,1.0845
equipment-events-closed,102,1.0709
equipment-events-closed,103,1.6848
equipment-events-closed,104,1.0864
equipment-events-closed,105,1.056
equipment-events-closed,106,1.7576
equipment-events-closed,107,1.4164
equipment-events-closed,108,1.392
equipment-events-closed,109,1.5991
equipment-events-closed,110,1.2561
equipment-events-closed,111,1.2111
equipment-events-closed,112,1.3724
equipment-events-closed,113,1.2216
equipment-events-closed,114,1.268
equipment-events-closed,115,1.5576
equipment-events-closed,116,1.096
equipment-events-closed,117,1.1328
equipment-events-closed,118,1.4208
equipment-events-closed,119,1.0799
equipment-events-closed,120,1.2123
equipment-events-closed,121,1.6738
equipment-events-closed,122,1.3346
equipment-events-closed,123,1.244
equipment-events-closed,124,1.5785
equipment-events-closed,125,1.2918
equipment-events-closed,126,1.0876
equipment-events-closed,127,1.4671
equipment-events-closed,128,1.165
equipment-events-closed,129,1.2925
equipment-events-closed,130,1.4288
equipment-events-closed,131,1.3296
equipment-events-closed,132,1.1126
equipment-events-closed,133,1.4624
equipment-events-closed,134,1.0688
equipment-events-closed,135,1.1618
equipment-events-closed,136,1.3808
equipment-events-closed,137,1.1795
equipment-events-closed,138,1.39
equipment-events-closed,139,1.6221
equipment-events-closed,140,1.0627
equipment-events-closed,141,1.0836
equipment-events-closed,142,1.3966
equipment-events-closed,143,1.0785
