path,children,repeat,ms,allocated_bytes,layout_types
"Canvas/SafeArea/UnifiedWindow/TownWIndows/Cauldron_Window",1422,0,5.8943,0,"LayoutElement"
"Canvas/SafeArea/UnifiedWindow/TownWIndows/Cauldron_Window",1422,1,3.9822,0,"LayoutElement"
"Canvas/SafeArea/UnifiedWindow/TownWIndows/Cauldron_Window",1422,2,3.7083000000000004,0,"LayoutElement"
"Canvas/SafeArea/UnifiedWindow/TownWIndows/Cauldron_Window",1422,3,3.789,0,"LayoutElement"
"Canvas/SafeArea/UnifiedWindow/TownWIndows/Cauldron_Window",1422,4,3.8321,0,"LayoutElement"
"Canvas/SafeArea/UnifiedWindow/TownWIndows",1425,0,4.4739,0,"HorizontalLayoutGroup"
"Canvas/SafeArea/UnifiedWindow/TownWIndows",1425,1,4.199,0,"HorizontalLayoutGroup"
"Canvas/SafeArea/UnifiedWindow/TownWIndows",1425,2,4.2379,0,"HorizontalLayoutGroup"
"Canvas/SafeArea/UnifiedWindow/TownWIndows",1425,3,4.0415,0,"HorizontalLayoutGroup"
"Canvas/SafeArea/UnifiedWindow/TownWIndows",1425,4,4.3992,0,"HorizontalLayoutGroup"
"Canvas/SafeArea/UnifiedWindow",1460,0,5.1994000000000007,0,"VerticalLayoutGroup"
"Canvas/SafeArea/UnifiedWindow",1460,1,5.1123,0,"VerticalLayoutGroup"
"Canvas/SafeArea/UnifiedWindow",1460,2,5.0555,0,"VerticalLayoutGroup"
"Canvas/SafeArea/UnifiedWindow",1460,3,5.1353,0,"VerticalLayoutGroup"
"Canvas/SafeArea/UnifiedWindow",1460,4,5.0423,0,"VerticalLayoutGroup"
"Canvas/SafeArea",1627,0,0.0037,0,""
"Canvas/SafeArea",1627,1,0.0031000000000000003,0,""
"Canvas/SafeArea",1627,2,0.0032,0,""
"Canvas/SafeArea",1627,3,0.0031000000000000003,0,""
"Canvas/SafeArea",1627,4,0.0031000000000000003,0,""
"Canvas",1628,0,0.0043,0,""
"Canvas",1628,1,0.0032,0,""
"Canvas",1628,2,0.0031000000000000003,0,""
"Canvas",1628,3,0.0032,0,""
"Canvas",1628,4,0.0031000000000000003,0,""
"Canvas/SafeArea/UnifiedWindow/TownWIndows/Cauldron_Window/Image",1421,0,25.4691,0,"Image;HorizontalLayoutGroup"
"Canvas/SafeArea/UnifiedWindow/TownWIndows/Cauldron_Window/Image",1421,1,15.8953,0,"Image;HorizontalLayoutGroup"
"Canvas/SafeArea/UnifiedWindow/TownWIndows/Cauldron_Window/Image",1421,2,16.1584,0,"Image;HorizontalLayoutGroup"
"Canvas/SafeArea/UnifiedWindow/TownWIndows/Cauldron_Window/Image",1421,3,15.9593,0,"Image;HorizontalLayoutGroup"
"Canvas/SafeArea/UnifiedWindow/TownWIndows/Cauldron_Window/Image",1421,4,16.1229,0,"Image;HorizontalLayoutGroup"
"Canvas/SafeArea/UnifiedWindow/TownWIndows/Cauldron_Window/Image/Mock",254,0,1.5942,0,"Image;LayoutElement;VerticalLayoutGroup"
"Canvas/SafeArea/UnifiedWindow/TownWIndows/Cauldron_Window/Image/Mock",254,1,1.5511000000000001,0,"Image;LayoutElement;VerticalLayoutGroup"
"Canvas/SafeArea/UnifiedWindow/TownWIndows/Cauldron_Window/Image/Mock",254,2,1.6607,0,"Image;LayoutElement;VerticalLayoutGroup"
"Canvas/SafeArea/UnifiedWindow/TownWIndows/Cauldron_Window/Image/Mock",254,3,1.5987,0,"Image;LayoutElement;VerticalLayoutGroup"
"Canvas/SafeArea/UnifiedWindow/TownWIndows/Cauldron_Window/Image/Mock",254,4,1.5830000000000002,0,"Image;LayoutElement;VerticalLayoutGroup"
"Canvas/SafeArea/UnifiedWindow/TownWIndows/Cauldron_Window/Image/Mock/Stockpile",9,0,0.22130000000000002,0,"Image;LayoutElement;HorizontalLayoutGroup"
"Canvas/SafeArea/UnifiedWindow/TownWIndows/Cauldron_Window/Image/Mock/Stockpile",9,1,0.0935,0,"Image;LayoutElement;HorizontalLayoutGroup"
"Canvas/SafeArea/UnifiedWindow/TownWIndows/Cauldron_Window/Image/Mock/Stockpile",9,2,0.09290000000000001,0,"Image;LayoutElement;HorizontalLayoutGroup"
"Canvas/SafeArea/UnifiedWindow/TownWIndows/Cauldron_Window/Image/Mock/Stockpile",9,3,0.0926,0,"Image;LayoutElement;HorizontalLayoutGroup"
"Canvas/SafeArea/UnifiedWindow/TownWIndows/Cauldron_Window/Image/Mock/Stockpile",9,4,0.1052,0,"Image;LayoutElement;HorizontalLayoutGroup"
"Canvas/SafeArea/UnifiedWindow/TownWIndows/Cauldron_Window/Image/Mock/Stockpile/Detail",6,0,0.0582,0,"LayoutElement;VerticalLayoutGroup"
"Canvas/SafeArea/UnifiedWindow/TownWIndows/Cauldron_Window/Image/Mock/Stockpile/Detail",6,1,0.058,0,"LayoutElement;VerticalLayoutGroup"
"Canvas/SafeArea/UnifiedWindow/TownWIndows/Cauldron_Window/Image/Mock/Stockpile/Detail",6,2,0.058,0,"LayoutElement;VerticalLayoutGroup"
"Canvas/SafeArea/UnifiedWindow/TownWIndows/Cauldron_Window/Image/Mock/Stockpile/Detail",6,3,0.0579,0,"LayoutElement;VerticalLayoutGroup"
"Canvas/SafeArea/UnifiedWindow/TownWIndows/Cauldron_Window/Image/Mock/Stockpile/Detail",6,4,0.0579,0,"LayoutElement;VerticalLayoutGroup"
"Canvas/SafeArea/UnifiedWindow/TownWIndows/Cauldron_Window/Image/Mock/Stockpile/Detail/GameObject",3,0,0.0291,0,"HorizontalLayoutGroup"
"Canvas/SafeArea/UnifiedWindow/TownWIndows/Cauldron_Window/Image/Mock/Stockpile/Detail/GameObject",3,1,0.029,0,"HorizontalLayoutGroup"
"Canvas/SafeArea/UnifiedWindow/TownWIndows/Cauldron_Window/Image/Mock/Stockpile/Detail/GameObject",3,2,0.029,0,"HorizontalLayoutGroup"
"Canvas/SafeArea/UnifiedWindow/TownWIndows/Cauldron_Window/Image/Mock/Stockpile/Detail/GameObject",3,3,0.14750000000000002,0,"HorizontalLayoutGroup"
"Canvas/SafeArea/UnifiedWindow/TownWIndows/Cauldron_Window/Image/Mock/Stockpile/Detail/GameObject",3,4,0.0292,0,"HorizontalLayoutGroup"
"Canvas/SafeArea/UnifiedWindow/TownWIndows/Cauldron_Window/Image/Mock/StockpileControls",241,0,1.2942,0,"LayoutElement;HorizontalLayoutGroup"
"Canvas/SafeArea/UnifiedWindow/TownWIndows/Cauldron_Window/Image/Mock/StockpileControls",241,1,1.6465,0,"LayoutElement;HorizontalLayoutGroup"
"Canvas/SafeArea/UnifiedWindow/TownWIndows/Cauldron_Window/Image/Mock/StockpileControls",241,2,1.4214,0,"LayoutElement;HorizontalLayoutGroup"
"Canvas/SafeArea/UnifiedWindow/TownWIndows/Cauldron_Window/Image/Mock/StockpileControls",241,3,1.4025,0,"LayoutElement;HorizontalLayoutGroup"
"Canvas/SafeArea/UnifiedWindow/TownWIndows/Cauldron_Window/Image/Mock/StockpileControls",241,4,1.5376,0,"LayoutElement;HorizontalLayoutGroup"
"Canvas/SafeArea/UnifiedWindow/TownWIndows/Cauldron_Window/Image/Mock/StockpileControls/MixL",207,0,1.0702,0,"VerticalLayoutGroup"
"Canvas/SafeArea/UnifiedWindow/TownWIndows/Cauldron_Window/Image/Mock/StockpileControls/MixL",207,1,1.058,0,"VerticalLayoutGroup"
"Canvas/SafeArea/UnifiedWindow/TownWIndows/Cauldron_Window/Image/Mock/StockpileControls/MixL",207,2,1.1613,0,"VerticalLayoutGroup"
"Canvas/SafeArea/UnifiedWindow/TownWIndows/Cauldron_Window/Image/Mock/StockpileControls/MixL",207,3,1.0705,0,"VerticalLayoutGroup"
"Canvas/SafeArea/UnifiedWindow/TownWIndows/Cauldron_Window/Image/Mock/StockpileControls/MixL",207,4,1.0773000000000001,0,"VerticalLayoutGroup"
"Canvas/SafeArea/UnifiedWindow/TownWIndows/Cauldron_Window/Image/Mock/StockpileControls/MixL/Hori",204,0,1.0243,0,"HorizontalLayoutGroup;Image"
"Canvas/SafeArea/UnifiedWindow/TownWIndows/Cauldron_Window/Image/Mock/StockpileControls/MixL/Hori",204,1,1.0056,0,"HorizontalLayoutGroup;Image"
"Canvas/SafeArea/UnifiedWindow/TownWIndows/Cauldron_Window/Image/Mock/StockpileControls/MixL/Hori",204,2,0.904,0,"HorizontalLayoutGroup;Image"
"Canvas/SafeArea/UnifiedWindow/TownWIndows/Cauldron_Window/Image/Mock/StockpileControls/MixL/Hori",204,3,1.2912000000000001,0,"HorizontalLayoutGroup;Image"
"Canvas/SafeArea/UnifiedWindow/TownWIndows/Cauldron_Window/Image/Mock/StockpileControls/MixL/Hori",204,4,1.0312000000000001,0,"HorizontalLayoutGroup;Image"
"Canvas/SafeArea/UnifiedWindow/TownWIndows/Cauldron_Window/Image/Mock/StockpileControls/MixL/Hori/Vert",203,0,0.8959,0,"VerticalLayoutGroup"
"Canvas/SafeArea/UnifiedWindow/TownWIndows/Cauldron_Window/Image/Mock/StockpileControls/MixL/Hori/Vert",203,1,1.0190000000000001,0,"VerticalLayoutGroup"
"Canvas/SafeArea/UnifiedWindow/TownWIndows/Cauldron_Window/Image/Mock/StockpileControls/MixL/Hori/Vert",203,2,1.0086,0,"VerticalLayoutGroup"
"Canvas/SafeArea/UnifiedWindow/TownWIndows/Cauldron_Window/Image/Mock/StockpileControls/MixL/Hori/Vert",203,3,1.1563,0,"VerticalLayoutGroup"
"Canvas/SafeArea/UnifiedWindow/TownWIndows/Cauldron_Window/Image/Mock/StockpileControls/MixL/Hori/Vert",203,4,0.8967,0,"VerticalLayoutGroup"
"Canvas/SafeArea/UnifiedWindow/TownWIndows/Cauldron_Window/Image/Mock/StockpileControls/MixL/Hori/Vert/Horizontal",43,0,0.6086,0,"HorizontalLayoutGroup"
"Canvas/SafeArea/UnifiedWindow/TownWIndows/Cauldron_Window/Image/Mock/StockpileControls/MixL/Hori/Vert/Horizontal",43,1,0.48660000000000003,0,"HorizontalLayoutGroup"
"Canvas/SafeArea/UnifiedWindow/TownWIndows/Cauldron_Window/Image/Mock/StockpileControls/MixL/Hori/Vert/Horizontal",43,2,0.48600000000000004,0,"HorizontalLayoutGroup"
"Canvas/SafeArea/UnifiedWindow/TownWIndows/Cauldron_Window/Image/Mock/StockpileControls/MixL/Hori/Vert/Horizontal",43,3,0.7249,0,"HorizontalLayoutGroup"
"Canvas/SafeArea/UnifiedWindow/TownWIndows/Cauldron_Window/Image/Mock/StockpileControls/MixL/Hori/Vert/Horizontal",43,4,0.6783,0,"HorizontalLayoutGroup"
"Canvas/SafeArea/UnifiedWindow/TownWIndows/Cauldron_Window/Image/Mock/StockpileControls/MixL/Hori/Vert/Horizontal/RS1",11,0,0.10070000000000001,0,"HorizontalLayoutGroup;LayoutElement"
"Canvas/SafeArea/UnifiedWindow/TownWIndows/Cauldron_Window/Image/Mock/StockpileControls/MixL/Hori/Vert/Horizontal/RS1",11,1,0.089900000000000008,0,"HorizontalLayoutGroup;LayoutElement"
"Canvas/SafeArea/UnifiedWindow/TownWIndows/Cauldron_Window/Image/Mock/StockpileControls/MixL/Hori/Vert/Horizontal/RS1",11,2,0.1014,0,"HorizontalLayoutGroup;LayoutElement"
"Canvas/SafeArea/UnifiedWindow/TownWIndows/Cauldron_Window/Image/Mock/StockpileControls/MixL/Hori/Vert/Horizontal/RS1",11,3,0.0897,0,"HorizontalLayoutGroup;LayoutElement"
"Canvas/SafeArea/UnifiedWindow/TownWIndows/Cauldron_Window/Image/Mock/StockpileControls/MixL/Hori/Vert/Horizontal/RS1",11,4,0.089400000000000007,0,"HorizontalLayoutGroup;LayoutElement"
"Canvas/SafeArea/UnifiedWindow/TownWIndows/Cauldron_Window/Image/Mock/StockpileControls/MixL/Hori/Vert/Horizontal/RS1/VertR",10,0,0.0765,0,"VerticalLayoutGroup"
"Canvas/SafeArea/UnifiedWindow/TownWIndows/Cauldron_Window/Image/Mock/StockpileControls/MixL/Hori/Vert/Horizontal/RS1/VertR",10,1,0.0761,0,"VerticalLayoutGroup"
"Canvas/SafeArea/UnifiedWindow/TownWIndows/Cauldron_Window/Image/Mock/StockpileControls/MixL/Hori/Vert/Horizontal/RS1/VertR",10,2,0.076,0,"VerticalLayoutGroup"
"Canvas/SafeArea/UnifiedWindow/TownWIndows/Cauldron_Window/Image/Mock/StockpileControls/MixL/Hori/Vert/Horizontal/RS1/VertR",10,3,0.2398,0,"VerticalLayoutGroup"
"Canvas/SafeArea/UnifiedWindow/TownWIndows/Cauldron_Window/Image/Mock/StockpileControls/MixL/Hori/Vert/Horizontal/RS1/VertR",10,4,0.0763,0,"VerticalLayoutGroup"
