scenario,pools,total,active,inactive
map-River-developed-early,160,1169,186,983
map-River-developed-later,160,1169,183,986
map-River-developed-return,160,1169,172,997
map-Haloween-developed-creation,160,1169,0,1169
map-Haloween-developed-early,160,1169,86,1083
map-Haloween-developed-later,161,1172,78,1094
map-Haloween-developed-return,161,1174,64,1110
map-Farmlands-developed-loadout-creation,161,1174,0,1174
map-Farmlands-developed-loadout-early,162,1182,126,1056
map-Farmlands-developed-loadout-later,163,1196,139,1057
map-Farmlands-developed-loadout-return,164,1212,141,1071
map-Woods-developed-loadout-creation,164,1212,0,1212
map-Woods-developed-loadout-early,164,1213,215,998
map-Woods-developed-loadout-later,164,1248,254,994
map-Woods-developed-loadout-return,165,1263,259,1004
map-Mines-developed-loadout-creation,165,1263,0,1263
map-Mines-developed-loadout-early,165,1288,132,1156
map-Mines-developed-loadout-later,166,1298,107,1191
map-Mines-developed-loadout-return,167,1318,100,1218
map-River-developed-loadout-creation,167,1318,0,1318
map-River-developed-loadout-early,167,1318,80,1238
map-River-developed-loadout-later,167,1320,233,1087
map-River-developed-loadout-return,167,1320,149,1171
map-Haloween-developed-loadout-creation,167,1320,0,1320
map-Haloween-developed-loadout-early,168,1327,79,1248
map-Haloween-developed-loadout-later,168,1347,71,1276
map-Haloween-developed-loadout-return,168,1351,61,1290
post-map-town,168,1351,0,1351
save-load-fresh,168,1351,0,1351
save-load-developed,168,1351,0,1351
save-load-history10000,168,1351,0,1351
save-results,168,1351,0,1351
offline-3600,168,1351,0,1351
offline-86400,168,1351,0,1351
offline-604800,168,1351,0,1351
forge-manual-observed-r1,168,1351,0,1351
forge-manual-observed-r2,168,1351,0,1351
offline-validated-3600,168,1351,0,1351
offline-validated-86400,168,1351,0,1351
offline-validated-604800,168,1351,0,1351
forge-manual-observed-r3,168,1351,0,1351
forge-native-cap30-r1,168,1351,0,1351
map-hotspot-warm,168,1351,0,1351
timeline-map-loadout,168,1356,139,1217
map-hotspot-return,168,1364,148,1216
forge-native-cap30-r2,168,1364,0,1364
forge-native-cap30-r3,168,1364,0,1364
forge-native-cap60-r1,168,1364,0,1364
forge-native-cap60-r2,168,1364,0,1364
forge-native-cap60-r3,168,1364,0,1364
forge-native-cap144-r1,168,1364,0,1364
forge-native-cap144-r2,168,1364,0,1364
forge-native-cap144-r3,168,1364,0,1364
inventory-sort-select,168,1364,0,1364
collections-tooltip,168,1364,0,1364
layout-probe-cauldron,168,1364,0,1364
layout-probe-forge,168,1364,0,1364
paired-farmlands-normal-cap30-r1-creation,168,1364,0,1364
paired-farmlands-normal-cap30-r1,168,1366,145,1221
paired-farmlands-normal-cap30-r1-return,168,1370,141,1229
paired-farmlands-normal-cap30-r2-creation,168,1370,0,1370
paired-farmlands-normal-cap30-r2,168,1373,159,1214
paired-farmlands-normal-cap30-r2-return,168,1374,147,1227
paired-farmlands-normal-cap30-r3-creation,168,1374,0,1374
paired-farmlands-normal-cap30-r3,168,1375,144,1231
paired-farmlands-normal-cap30-r3-return,168,1381,157,1224
paired-farmlands-normal-cap144-r1-creation,168,1381,0,1381
paired-farmlands-normal-cap144-r1,168,1384,155,1229
paired-farmlands-normal-cap144-r1-return,168,1387,147,1240
paired-farmlands-normal-cap144-r2-creation,168,1387,0,1387
paired-farmlands-normal-cap144-r2,168,1389,155,1234
paired-farmlands-normal-cap144-r2-return,168,1391,138,1253
paired-farmlands-normal-cap144-r3-creation,168,1391,0,1391
paired-farmlands-normal-cap144-r3,168,1391,149,1242
paired-farmlands-normal-cap144-r3-return,168,1392,141,1251
paired-farmlands-slip-cap30-r1-creation,168,1392,0,1392
paired-farmlands-slip-cap30-r1,168,1393,145,1248
paired-farmlands-slip-cap30-r1-return,168,1395,142,1253
paired-farmlands-slip-cap30-r2-creation,168,1395,0,1395
paired-farmlands-slip-cap30-r2,168,1395,148,1247
paired-farmlands-slip-cap30-r2-return,168,1397,142,1255
paired-farmlands-slip-cap30-r3-creation,168,1397,0,1397
paired-farmlands-slip-cap30-r3,168,1399,143,1256
paired-farmlands-slip-cap30-r3-return,168,1409,134,1275
paired-farmlands-slip-cap144-r1-creation,168,1409,0,1409
paired-farmlands-slip-cap144-r1,168,1409,135,1274
paired-farmlands-slip-cap144-r1-return,168,1413,146,1267
paired-farmlands-slip-cap144-r2-creation,168,1413,0,1413
paired-farmlands-slip-cap144-r2,168,1413,140,1273
paired-farmlands-slip-cap144-r2-return,168,1416,111,1305
paired-farmlands-slip-cap144-r3-creation,168,1416,7,1409
paired-farmlands-slip-cap144-r3,168,1418,153,1265
paired-farmlands-slip-cap144-r3-return,168,1420,140,1280
late-run-farmlands-start,168,1420,7,1413
late-run-farmlands-minute1,168,1422,140,1282
late-run-farmlands-minute2,168,1431,102,1329
late-run-farmlands-minute3,168,1433,142,1291
late-run-farmlands-minute4,168,1435,156,1279
late-run-farmlands-minute5,168,1441,139,1302
forced-death-transition,168,1442,151,1291
death-return,168,1442,151,1291
reap-threshold-setup,168,1442,7,1435
reap-threshold-transition,168,1442,163,1279
reap-return,168,1442,163,1279
final-retained-town,168,1442,7,1435
final-retained-town,168,1442,7,1435
