profile,index,capture_main_ms,save_complete_ms,load_complete_ms,status,load_status
fresh,0,1.2963,40.3763,11.283800000000001,Success,Success
fresh,1,0.5665,20.032,9.0675,Success,Success
fresh,2,0.4923,20.1497,9.0849000000000011,Success,Success
fresh,3,0.5033,19.5533,9.6243,Success,Success
fresh,4,0.64450000000000007,22.1717,12.9946,Success,Success
fresh,5,0.7601,24.4433,17.5683,Success,Success
fresh,6,0.50540000000000007,20.8049,17.5089,Success,Success
fresh,7,0.64160000000000006,24.8994,11.0512,Success,Success
fresh,8,0.4989,21.4053,28.600800000000003,Success,Success
fresh,9,0.5208,18.782,17.1674,Success,Success
fresh,10,0.5031,26.8334,17.8486,Success,Success
fresh,11,0.5092,19.8408,17.105600000000003,Success,Success
fresh,12,0.5021,18.9997,18.0091,Success,Success
fresh,13,0.5133,20.320700000000002,22.9361,Success,Success
fresh,14,0.5151,31.5376,19.1373,Success,Success
fresh,15,0.509,22.646700000000003,10.3931,Success,Success
fresh,16,0.5863,28.8383,21.3579,Success,Success
fresh,17,0.5503,22.662100000000002,18.3945,Success,Success
fresh,18,0.5405,20.901300000000003,17.8001,Success,Success
fresh,19,0.5465,18.9347,18.3886,Success,Success
fresh,20,0.5264,18.9606,13.0225,Success,Success
fresh,21,0.5193,21.5398,17.8503,Success,Success
fresh,22,0.5229,22.9895,29.2575,Success,Success
fresh,23,0.6594,24.337200000000003,20.416600000000003,Success,Success
developed,0,2.0098000000000003,37.781600000000005,27.0822,Success,Success
developed,1,1.7389000000000001,35.909,27.5377,Success,Success
developed,2,1.945,28.0514,40.391600000000004,Success,Success
developed,3,1.8059,35.5112,43.6593,Success,Success
developed,4,1.8619,35.272400000000005,54.7395,Success,Success
developed,5,1.8594000000000002,44.1165,77.7592,Success,Success
developed,6,1.9723000000000002,44.353,48.548300000000005,Success,Success
developed,7,1.7496,43.4223,51.8369,Success,Success
developed,8,1.7317,43.024,53.904700000000005,Success,Success
developed,9,1.7247000000000001,35.906800000000004,52.0897,Success,Success
developed,10,1.992,38.6878,50.581900000000005,Success,Success
developed,11,1.7333,43.5018,53.8376,Success,Success
developed,12,1.7412,43.615100000000005,54.317600000000006,Success,Success
developed,13,1.8099,43.1593,54.7449,Success,Success
developed,14,1.8259,43.055,55.588300000000004,Success,Success
developed,15,2.0416000000000003,43.419200000000004,48.825300000000006,Success,Success
developed,16,1.9519000000000002,53.7695,85.3167,Success,Success
developed,17,2.1045000000000003,41.916900000000005,52.331,Success,Success
developed,18,1.8561,39.1755,56.1785,Success,Success
developed,19,1.7949000000000002,45.3333,53.9849,Success,Success
developed,20,1.9417000000000002,36.406600000000005,47.4102,Success,Success
developed,21,1.8679000000000001,35.740500000000004,48.6315,Success,Success
developed,22,1.7252,42.0552,46.9538,Success,Success
developed,23,2.1233,39.8737,52.8029,Success,Success
history10000,0,12.355500000000001,393.8863,388.1893,Success,Success
history10000,1,13.1896,350.05100000000004,579.75380000000007,Success,Success
history10000,2,13.9869,345.4707,793.8197,Success,Success
history10000,3,12.2331,348.7731,1013.6727000000001,Success,Success
history10000,4,13.945500000000001,341.61560000000003,1110.5910000000001,Success,Success
history10000,5,12.3481,504.6591,1193.6616000000001,Success,Success
history10000,6,12.3336,503.40470000000005,1057.0457000000001,Success,Success
history10000,7,12.1538,554.0791,1081.269,Success,Success
history10000,8,17.0256,578.1906,1078.9426,Success,Success
history10000,9,73.731000000000009,572.1751,1051.8309000000002,Success,Success
history10000,10,54.1447,591.80590000000007,1129.8563000000001,Success,Success
history10000,11,12.1842,553.094,1066.2036,Success,Success
history10000,12,12.174000000000001,544.95080000000007,1106.6528,Success,Success
history10000,13,13.845400000000001,518.7045,1031.4204,Success,Success
history10000,14,13.953700000000001,499.7576,1051.2413000000001,Success,Success
history10000,15,13.2964,553.3873,1072.0759,Success,Success
