path,allocations,bytes
"Main Thread > PlayerLoop > UpdateScene > Update.ScriptRunBehaviourUpdate > BehaviourUpdate > Assembly-CSharp.dll!TimelessEchoes.Hero::EchoController.Update() [Invoke] > GetComponentNullErrorWrapper",20210,6406570
"Main Thread > PlayerLoop > UpdateScene > Update.ScriptRunBehaviourUpdate > BehaviourUpdate > Assembly-CSharp.dll!TimelessEchoes::GameManager.Update() [Invoke]",90482,5445020
"Main Thread > PlayerLoop > UpdateScene > PostLateUpdate.PlayerUpdateCanvases > UIEvents.WillRenderCanvases > UGUI.Rendering.UpdateBatches > UnityEngine.UIModule.dll!UnityEngine::Canvas.SendWillRenderCanvases() [Invoke] > Render > CanvasUpdate.PreRender",74404,4416746
"Main Thread > PlayerLoop > UpdateScene > Update.ScriptRunBehaviourUpdate > BehaviourUpdate > Assembly-CSharp.dll!TimelessEchoes.Hero::EchoController.Update() [Invoke]",35788,2003274
"Main Thread > PlayerLoop > UpdateScene > Update.ScriptRunBehaviourUpdate > BehaviourUpdate > Assembly-CSharp.dll!TimelessEchoes.Hero::HeroBase.Update() [Invoke]",26136,1241634
"Main Thread > PlayerLoop > UpdateScene > Update.ScriptRunBehaviourUpdate > BehaviourUpdate > Assembly-CSharp.dll!TimelessEchoes.Buffs::BuffUIManager.Update() [Invoke]",18834,1085022
"Main Thread > PlayerLoop > UpdateScene > Update.ScriptRunDelayedDynamicFrameRate > CoroutinesDelayedCalls > Assembly-CSharp.dll!TimelessEchoes.Upgrades::CauldronManager.TasteTickCoroutine() [Coroutine: MoveNext] [Invoke]",24915,1084808
"Main Thread > PlayerLoop > UpdateScene > Update.ScriptRunDelayedDynamicFrameRate > CoroutinesDelayedCalls > Assembly-CSharp.dll!TimelessEchoes.MapGeneration::SegmentedMapGenerator.GenerateSegmentAsync() [Coroutine: MoveNext] [Invoke]",12825,653368
"Main Thread > PlayerLoop > UpdateScene > Update.ScriptRunBehaviourUpdate > BehaviourUpdate > Assembly-CSharp.dll!TimelessEchoes.NpcGeneration::AlterEchoGenerationManager.Update() [Invoke]",10065,435050
"Main Thread > PlayerLoop > UpdateScene > Update.ScriptRunBehaviourUpdate > BehaviourUpdate > Assembly-CSharp.dll!TimelessEchoes::Projectile.Update() [Invoke]",9037,420062
"Main Thread > PlayerLoop > UpdateScene > Update.ScriptRunBehaviourUpdate > BehaviourUpdate > Assembly-CSharp.dll!TimelessEchoes.Buffs::BuffManager.Update() [Invoke]",4886,349260
"Main Thread > PlayerLoop > UpdateScene > Update.ScriptRunDelayedDynamicFrameRate > CoroutinesDelayedCalls > Assembly-CSharp.dll!TimelessEchoes.MapGeneration::SegmentedMapGenerator.ShiftSegments() [Coroutine: MoveNext] [Invoke] > Scan > PreProcessingGraphs",33,332616
"Main Thread > PlayerLoop > UpdateScene > Update.ScriptRunBehaviourUpdate > BehaviourUpdate > Assembly-CSharp.dll!TimelessEchoes.Upgrades::RunBreakdownManager.Update() [Invoke]",7039,329362
"Main Thread > PlayerLoop > UpdateScene > Update.ScriptRunBehaviourUpdate > BehaviourUpdate > Assembly-CSharp.dll!TimelessEchoes.Hero::EchoController.Update() [Invoke] > GameObject.Activate > GameObject.ActivateAwakeRecursively > UnityEngine.UI.dll!UnityEngine.UI::CanvasScaler.OnEnable() [Invoke]",975,311752
"Main Thread > PlayerLoop > UpdateScene > Update.ScriptRunBehaviourUpdate > BehaviourUpdate > Assembly-CSharp.dll!TimelessEchoes.Hero::EchoController.Update() [Invoke] > GameObject.Deactivate > GameObject.ActivateAwakeRecursively > UnityEngine.UI.dll!UnityEngine.UI::CanvasScaler.OnDisable() [Invoke]",957,303640
"Main Thread > PlayerLoop > UpdateScene > PreLateUpdate.ScriptRunBehaviourLateUpdate > LateBehaviourUpdate > Assembly-CSharp.dll!TimelessEchoes.Gear.UI::ForgeWindowUI.LateUpdate() [Invoke]",5959,259592
"Main Thread > PlayerLoop > UpdateScene > Update.ScriptRunBehaviourUpdate > BehaviourUpdate > Assembly-CSharp.dll!TimelessEchoes.Hero::EchoController.Update() [Invoke] > GameObject.Activate > GameObject.ActivateAwakeRecursively > Unity.TextMeshPro.dll!TMPro::TextMeshProUGUI.OnEnable() [Invoke]",3888,241056
"Main Thread > PlayerLoop > UpdateScene > Update.ScriptRunDelayedDynamicFrameRate > CoroutinesDelayedCalls > Assembly-CSharp.dll!TimelessEchoes.MapGeneration::SegmentedMapGenerator.GenerateSegmentAsync() [Coroutine: MoveNext] [Invoke] > GameObject.Activate > GameObject.ActivateAwakeRecursively > Unity.2D.Animation.Runtime.dll!UnityEngine.U2D.Animation::SpriteLibrary.OnEnable() [Invoke]",1568,189392
"Main Thread > PlayerLoop > UpdateScene > Update.ScriptRunBehaviourUpdate > BehaviourUpdate > Assembly-CSharp.dll!TimelessEchoes.UI::SettingsPanelUI.Update() [Invoke]",2100,180558
"Main Thread > PlayerLoop > UpdateScene > Update.ScriptRunBehaviourUpdate > BehaviourUpdate > Assembly-CSharp.dll!TimelessEchoes.Hero::EchoController.Update() [Invoke] > GameObject.Activate > GameObject.ActivateAwakeRecursively > UnityEngine.UI.dll!UnityEngine.UI::Image.OnEnable() [Invoke]",1312,169744
"Main Thread > PlayerLoop > UpdateScene > Update.ScriptRunBehaviourUpdate > BehaviourUpdate > Assembly-CSharp.dll!TimelessEchoes.NpcGeneration::AlterEchoGeneratorUIManager.Update() [Invoke]",3519,154836
"Main Thread > PlayerLoop > RenderPlayModeViewCameras > UnityEngine.CoreModule.dll!UnityEngine.Rendering::RenderPipelineManager.DoRenderLoop_Internal() [Invoke] > Inl_UniversalRenderTotal > Inl_RenderCameraStack > Inl_ScriptableRenderContext.Submit > UniversalRenderPipeline.RenderSingleCameraInternal: UI Cam > ExecuteRenderGraph > DrawScreenSpaceUI > GUI.Repaint > UnityEngine.IMGUIModule.dll!UnityEngine::GUIUtility.BeginGUI() [Invoke]",1564,143888
"Main Thread > PlayerLoop > UpdateScene > Update.ScriptRunDelayedDynamicFrameRate > CoroutinesDelayedCalls > Assembly-CSharp.dll!TimelessEchoes.Upgrades::CauldronManager.TasteTickCoroutine() [Coroutine: MoveNext] [Invoke] > Assembly-CSharp.dll!TimelessEchoes.UI::CollectionsWindowUI.SelectionTimeoutRoutine() [Coroutine: MoveNext] [Invoke]",4340,104160
"Main Thread > PlayerLoop > UpdateScene > Update.ScriptRunDelayedDynamicFrameRate > CoroutinesDelayedCalls > Assembly-CSharp.dll!TimelessEchoes.MapGeneration::SegmentedMapGenerator.GenerateSegmentAsync() [Coroutine: MoveNext] [Invoke] > GameObject.Activate > GameObject.ActivateAwakeRecursively > UnityEngine.UI.dll!UnityEngine.UI::CanvasScaler.OnEnable() [Invoke]",234,71344
"Main Thread > PlayerLoop > UpdateScene > Update.ScriptRunBehaviourUpdate > BehaviourUpdate > Assembly-CSharp.dll!TimelessEchoes.MapGeneration::SegmentedMapGenerator.Update() [Invoke] > Assembly-CSharp.dll!TimelessEchoes.MapGeneration::SegmentedMapGenerator.ShiftSegments() [Coroutine: MoveNext] [Invoke] > GameObject.Deactivate > GameObject.ActivateAwakeRecursively > UnityEngine.UI.dll!UnityEngine.UI::CanvasScaler.OnDisable() [Invoke]",216,64320
"Main Thread > PlayerLoop > RenderPlayModeViewCameras > UnityEngine.CoreModule.dll!UnityEngine.Rendering::RenderPipelineManager.DoRenderLoop_Internal() [Invoke] > Inl_UniversalRenderTotal > Inl_RenderCameraStack > Inl_UniversalRenderPipeline.RenderSingleCameraInternal: Main Camera > Inl_RecordRenderGraph > Inl_On Record Render Graph",1173,51612
"Main Thread > PlayerLoop > UpdateScene > Update.ScriptRunDelayedDynamicFrameRate > CoroutinesDelayedCalls > Assembly-CSharp.dll!TimelessEchoes.UI::CollectionsWindowUI.UnlockMonitorLoop() [Coroutine: MoveNext] [Invoke]",1159,47006
"Main Thread > PlayerLoop > UpdateScene > PreLateUpdate.ScriptRunBehaviourLateUpdate > LateBehaviourUpdate > Assembly-CSharp.dll!TimelessEchoes.Tasks::TaskController.LateUpdate() [Invoke]",69,43776
"Main Thread > PlayerLoop > UpdateScene > Update.ScriptRunBehaviourUpdate > BehaviourUpdate > Assembly-CSharp.dll!TimelessEchoes.Hero::EchoController.Update() [Invoke] > GameObject.Activate > GameObject.ActivateAwakeRecursively > Assembly-CSharp.dll!Blindsided.Utilities::SlicedFilledImage.OnEnable() [Invoke]",696,43152
"Main Thread > PlayerLoop > UpdateScene > Update.ScriptRunDelayedTasks > UnityEngine.CoreModule.dll!UnityEngine::UnitySynchronizationContext.ExecuteTasks() [Invoke]",404,42618
"Main Thread > PlayerLoop > UpdateScene > Update.ScriptRunDelayedDynamicFrameRate > CoroutinesDelayedCalls > Assembly-CSharp.dll!TimelessEchoes.MapGeneration::SegmentedMapGenerator.ShiftSegments() [Coroutine: MoveNext] [Invoke] > Scan > FinishingScans > JobHandle.Complete > WaitForJobGroupID > HierarchicalGraph:JobRecalculateComponents > UnityEngine.CoreModule.dll!::ExecuteJobFunction.Invoke() [Invoke] > Recalculate Connected Components > Find > FindChildren",8,25328
"Main Thread > PlayerLoop > RenderPlayModeViewCameras > UnityEngine.CoreModule.dll!UnityEngine.Rendering::RenderPipelineManager.DoRenderLoop_Internal() [Invoke] > Inl_UniversalRenderTotal > Inl_RenderCameraStack > Inl_UniversalRenderPipeline.RenderSingleCameraInternal: BGCamera > Inl_RecordRenderGraph > Inl_On Record Render Graph",782,25024
"Main Thread > PlayerLoop > RenderPlayModeViewCameras > UnityEngine.CoreModule.dll!UnityEngine.Rendering::RenderPipelineManager.DoRenderLoop_Internal() [Invoke] > Inl_UniversalRenderTotal > Inl_RenderCameraStack > Inl_UniversalRenderPipeline.RenderSingleCameraInternal: UI Cam > Inl_RecordRenderGraph > Inl_On Record Render Graph",782,25024
"Main Thread > PlayerLoop > UpdateScene > Update.ScriptRunBehaviourUpdate > BehaviourUpdate > Assembly-CSharp.dll!TimelessEchoes.Buffs::BuffManager.Update() [Invoke] > GameObject.Activate > GameObject.ActivateAwakeRecursively > Assembly-CSharp.dll!TimelessEchoes.Hero::EchoController.OnEnable() [Invoke] > GetComponentNullErrorWrapper",76,24092
"Main Thread > PlayerLoop > UpdateScene > Update.ScriptRunBehaviourUpdate > BehaviourUpdate > Assembly-CSharp.dll!TimelessEchoes.Buffs::BuffManager.Update() [Invoke] > GameObject.Activate > GameObject.ActivateAwakeRecursively > Assembly-CSharp.dll!TimelessEchoes.Hero::EchoController.OnEnable() [Invoke]",451,23962
"Main Thread > PlayerLoop > UpdateScene > PostLateUpdate.PlayerUpdateCanvases > UIEvents.WillRenderCanvases > UGUI.Rendering.UpdateBatches > UnityEngine.UIModule.dll!UnityEngine::Canvas.SendWillRenderCanvases() [Invoke] > Render > CanvasUpdate.PreRender > TMP Parse Text > TMP.SetArraySizes",23,20952
"Main Thread > PlayerLoop > UpdateScene > Update.ScriptRunBehaviourUpdate > BehaviourUpdate > Assembly-CSharp.dll!TimelessEchoes.Hero::HeroBase.Update() [Invoke] > GameObject.Activate > GameObject.ActivateAwakeRecursively > Assembly-CSharp.dll!Blindsided.Utilities::SlicedFilledImage.OnEnable() [Invoke]",288,17856
"Main Thread > PlayerLoop > UpdateScene > Update.ScriptRunBehaviourUpdate > BehaviourUpdate > Assembly-CSharp.dll!TimelessEchoes.Buffs::BuffManager.Update() [Invoke] > GetComponentNullErrorWrapper",54,17118
"Main Thread > PlayerLoop > UpdateScene > Update.ScriptRunBehaviourUpdate > BehaviourUpdate > AstarPathfindingProject.dll!::AstarPath.Update() [Invoke] > Calling Path Callbacks",8,16120
"Main Thread > PlayerLoop > UpdateScene > Update.ScriptRunDelayedDynamicFrameRate > CoroutinesDelayedCalls > Assembly-CSharp.dll!TimelessEchoes.MapGeneration::SegmentedMapGenerator.GenerateSegmentAsync() [Coroutine: MoveNext] [Invoke] > Instantiate > Instantiate.Produce",35,15360
"Main Thread > PlayerLoop > UpdateScene > Update.ScriptRunDelayedDynamicFrameRate > CoroutinesDelayedCalls > Assembly-CSharp.dll!TimelessEchoes.MapGeneration::SegmentedMapGenerator.GenerateSegmentAsync() [Coroutine: MoveNext] [Invoke] > Instantiate > Instantiate.Produce > Unity.TextMeshPro.dll!TMPro::TextMeshProUGUI..ctor() [Invoke]",155,14800
"Main Thread > PlayerLoop > UpdateScene > Update.ScriptRunBehaviourUpdate > BehaviourUpdate > Assembly-CSharp.dll!TimelessEchoes::Projectile.Update() [Invoke] > GameObject.Deactivate > GameObject.ActivateAwakeRecursively > UnityEngine.UI.dll!UnityEngine.UI::CanvasScaler.OnDisable() [Invoke]",45,14584
"Main Thread > PlayerLoop > UpdateScene > Update.ScriptRunDelayedDynamicFrameRate > CoroutinesDelayedCalls > Assembly-CSharp.dll!TimelessEchoes.MapGeneration::SegmentedMapGenerator.GenerateSegmentAsync() [Coroutine: MoveNext] [Invoke] > Instantiate > Instantiate.Copy > UnityEngine.CoreModule.dll!UnityEngine.Serialization::SerializationBackendManagedCommands.SerializationBufferToObject() [Invoke] > GetComponentNullErrorWrapper",60,12880
"Main Thread > PlayerLoop > UpdateScene > FixedUpdate.NewInputFixedUpdate > UnityEngine.InputModule.dll!UnityEngineInternal.Input::NativeInputSystem.NotifyBeforeUpdate() [Invoke]",757,12869
"Main Thread > PlayerLoop > UpdateScene > PreLateUpdate.ScriptRunBehaviourLateUpdate > LateBehaviourUpdate > Unity.2D.Animation.Runtime.dll!UnityEngine.U2D.Animation::DeformationManagerUpdater.LateUpdate() [Invoke] > DeformationManager.LateUpdate",391,12512
"Main Thread > PlayerLoop > UpdateScene > Update.ScriptRunBehaviourUpdate > BehaviourUpdate > Assembly-CSharp.dll!TimelessEchoes.Buffs::BuffManager.Update() [Invoke] > GameObject.Activate > GameObject.ActivateAwakeRecursively > UnityEngine.UI.dll!UnityEngine.UI::Image.OnEnable() [Invoke]",140,11264
"Main Thread > PlayerLoop > UpdateScene > Update.ScriptRunBehaviourUpdate > BehaviourUpdate > Assembly-CSharp.dll!TimelessEchoes::Projectile.Update() [Invoke] > TransformHandle.SetParent > UnityEngine.UI.dll!UnityEngine.UI::MaskableGraphic.OnTransformParentChanged() [Invoke]",180,11160
"Main Thread > PlayerLoop > UpdateScene > Update.ScriptRunBehaviourUpdate > BehaviourUpdate > Assembly-CSharp.dll!TimelessEchoes.Buffs::BuffManager.Update() [Invoke] > TransformHandle.SetParent > UnityEngine.UI.dll!UnityEngine.UI::MaskableGraphic.OnTransformParentChanged() [Invoke]",120,8800
"Main Thread > PlayerLoop > UpdateScene > Update.ScriptRunBehaviourUpdate > BehaviourUpdate > Assembly-CSharp.dll!TimelessEchoes.Hero::EchoController.Update() [Invoke] > TransformHandle.SetParent > UnityEngine.UI.dll!UnityEngine.UI::MaskableGraphic.OnTransformParentChanged() [Invoke]",114,8088
"Main Thread > PlayerLoop > UpdateScene > Update.ScriptRunBehaviourUpdate > BehaviourUpdate > Assembly-CSharp.dll!TimelessEchoes.Buffs::BuffManager.Update() [Invoke] > GameObject.Activate > GameObject.ActivateAwakeRecursively > UnityEngine.UI.dll!UnityEngine.UI::CanvasScaler.OnEnable() [Invoke]",24,8080
"Main Thread > PlayerLoop > UpdateScene > Update.ScriptRunDelayedDynamicFrameRate > CoroutinesDelayedCalls > Assembly-CSharp.dll!TimelessEchoes.MapGeneration::SegmentedMapGenerator.GenerateSegmentAsync() [Coroutine: MoveNext] [Invoke] > GameObject.Activate > GameObject.ActivateAwakeRecursively > Assembly-CSharp.dll!TimelessEchoes.Enemies::Enemy.OnEnable() [Invoke]",90,7896
"Main Thread > PlayerLoop > UpdateScene > Update.ScriptRunDelayedDynamicFrameRate > CoroutinesDelayedCalls > Assembly-CSharp.dll!TimelessEchoes::GameManager.RunButtonsUICoroutine() [Coroutine: MoveNext] [Invoke]",224,7840
"Main Thread > PlayerLoop > UpdateScene > Update.ScriptRunBehaviourUpdate > BehaviourUpdate > Assembly-CSharp.dll!TimelessEchoes::Projectile.Update() [Invoke] > TransformHandle.SetParent > Unity.TextMeshPro.dll!TMPro::TextMeshProUGUI.OnTransformParentChanged() [Invoke]",60,7800
"Main Thread > PlayerLoop > UpdateScene > PreUpdate.NewInputUpdate > UnityEngine.InputModule.dll!UnityEngineInternal.Input::NativeInputSystem.NotifyBeforeUpdate() [Invoke]",391,6647
"Main Thread > PlayerLoop > RenderPlayModeViewCameras > FrameEvents.NewInputBeforeRenderUpdate > UnityEngine.InputModule.dll!UnityEngineInternal.Input::NativeInputSystem.NotifyBeforeUpdate() [Invoke]",391,6647
"Main Thread > PlayerLoop > UpdateScene > Update.ScriptRunBehaviourUpdate > BehaviourUpdate > Assembly-CSharp.dll!TimelessEchoes.Tasks::TaskController.Update() [Invoke]",64,6320
"Main Thread > PlayerLoop > UpdateScene > Update.ScriptRunBehaviourUpdate > BehaviourUpdate > Assembly-CSharp.dll!TimelessEchoes::Projectile.Update() [Invoke] > GameObject.Deactivate > GameObject.ActivateAwakeRecursively > Assembly-CSharp.dll!TimelessEchoes.Enemies::Enemy.OnDisable() [Invoke]",60,5784
"Main Thread > PlayerLoop > UpdateScene > Update.ScriptRunDelayedDynamicFrameRate > CoroutinesDelayedCalls > Assembly-CSharp.dll!TimelessEchoes.Hero::HeroController.HudDistanceCoroutine() [Coroutine: MoveNext] [Invoke]",165,5696
"Main Thread > PlayerLoop > UpdateScene > Update.ScriptRunDelayedDynamicFrameRate > CoroutinesDelayedCalls > Assembly-CSharp.dll!TimelessEchoes.MapGeneration::SegmentedMapGenerator.GenerateSegmentAsync() [Coroutine: MoveNext] [Invoke] > Instantiate > Instantiate.Copy > UnityEngine.CoreModule.dll!UnityEngine.Serialization::SerializationBackendManagedCommands.SerializationBufferToObject() [Invoke]",95,5360
"Main Thread > PlayerLoop > UpdateScene > Update.ScriptRunDelayedDynamicFrameRate > CoroutinesDelayedCalls > Assembly-CSharp.dll!TimelessEchoes.MapGeneration::SegmentedMapGenerator.GenerateSegmentAsync() [Coroutine: MoveNext] [Invoke] > GameObject.Activate > GameObject.ActivateAwakeRecursively > AstarPathfindingProject.dll!Pathfinding.RVO::RVOController.OnEnable() [Invoke]",54,5184
"Main Thread > PlayerLoop > UpdateScene > Update.ScriptRunBehaviourUpdate > BehaviourUpdate > Assembly-CSharp.dll!TimelessEchoes.Hero::EchoController.Update() [Invoke] > GameObject.Deactivate > GameObject.ActivateAwakeRecursively > Assembly-CSharp.dll!TimelessEchoes.Hero::EchoController.OnDisable() [Invoke]",42,4936
"Main Thread > PlayerLoop > UpdateScene > PreLateUpdate.ScriptRunBehaviourLateUpdate > LateBehaviourUpdate > Assembly-CSharp.dll!TimelessEchoes.Enemies::EnemyActivator.LateUpdate() [Invoke] > AstarPathfindingProject.dll!Pathfinding::AIBase.OnEnable() [Invoke]",38,4864
"Main Thread > PlayerLoop > UpdateScene > PreLateUpdate.ScriptRunBehaviourLateUpdate > LateBehaviourUpdate > Assembly-CSharp.dll!TimelessEchoes.Enemies::EnemyActivator.LateUpdate() [Invoke] > AstarPathfindingProject.dll!Pathfinding::AIDestinationSetter.OnEnable() [Invoke]",38,4864
"Main Thread > PlayerLoop > UpdateScene > Update.ScriptRunDelayedDynamicFrameRate > CoroutinesDelayedCalls > Assembly-CSharp.dll!TimelessEchoes.MapGeneration::SegmentedMapGenerator.GenerateSegmentAsync() [Coroutine: MoveNext] [Invoke] > GameObject.Activate > GameObject.ActivateAwakeRecursively > AstarPathfindingProject.dll!Pathfinding::AIBase.OnEnable() [Invoke]",40,4768
"Main Thread > PlayerLoop > UpdateScene > Update.ScriptRunDelayedDynamicFrameRate > CoroutinesDelayedCalls > Assembly-CSharp.dll!TimelessEchoes.Hero::HeroCombatController.RollForCombat() [Coroutine: MoveNext] [Invoke]",101,4722
"Main Thread > PlayerLoop > UpdateScene > Update.ScriptRunBehaviourUpdate > BehaviourUpdate > Assembly-CSharp.dll!TimelessEchoes.MapGeneration::SegmentedMapGenerator.Update() [Invoke] > Assembly-CSharp.dll!TimelessEchoes.MapGeneration::SegmentedMapGenerator.ShiftSegments() [Coroutine: MoveNext] [Invoke]",117,4704
"Main Thread > PlayerLoop > UpdateScene > Update.ScriptRunDelayedDynamicFrameRate > CoroutinesDelayedCalls > Assembly-CSharp.dll!TimelessEchoes.MapGeneration::SegmentedMapGenerator.GenerateSegmentAsync() [Coroutine: MoveNext] [Invoke] > Instantiate > Instantiate.Awake > UnityEngine.UI.dll!UnityEngine.UI::CanvasScaler.OnEnable() [Invoke]",15,4704
"Main Thread > PlayerLoop > UpdateScene > Update.ScriptRunDelayedDynamicFrameRate > CoroutinesDelayedCalls > Assembly-CSharp.dll!TimelessEchoes.MapGeneration::SegmentedMapGenerator.GenerateSegmentAsync() [Coroutine: MoveNext] [Invoke] > GameObject.Activate > GameObject.ActivateAwakeRecursively > AstarPathfindingProject.dll!Pathfinding::AIDestinationSetter.OnEnable() [Invoke]",36,4608
"Main Thread > PlayerLoop > UpdateScene > Update.ScriptRunDelayedDynamicFrameRate > CoroutinesDelayedCalls > Assembly-CSharp.dll!TimelessEchoes.MapGeneration::SegmentedMapGenerator.GenerateSegmentAsync() [Coroutine: MoveNext] [Invoke] > Instantiate > Instantiate.Produce > UnityEngine.UI.dll!UnityEngine.UI::Image..ctor() [Invoke]",90,3920
"Main Thread > PlayerLoop > UpdateScene > Update.ScriptRunBehaviourUpdate > BehaviourUpdate > Assembly-CSharp.dll!TimelessEchoes.Hero::HeroBase.Update() [Invoke] > GameObject.Activate > GameObject.ActivateAwakeRecursively > Assembly-CSharp.dll!TimelessEchoes.Hero::EchoController.OnEnable() [Invoke] > GetComponentNullErrorWrapper",12,3804
"Main Thread > PlayerLoop > UpdateScene > Update.ScriptRunBehaviourUpdate > BehaviourUpdate > Assembly-CSharp.dll!TimelessEchoes.Hero::HeroBase.Update() [Invoke] > GetComponentNullErrorWrapper",12,3804
"Main Thread > PlayerLoop > UpdateScene > Update.ScriptRunDelayedDynamicFrameRate > CoroutinesDelayedCalls > Assembly-CSharp.dll!TimelessEchoes.MapGeneration::SegmentedMapGenerator.GenerateSegmentAsync() [Coroutine: MoveNext] [Invoke] > GameObject.Activate > GameObject.ActivateAwakeRecursively > Assembly-CSharp.dll!TimelessEchoes.Enemies::EnemyHealth.OnEnable() [Invoke]",72,3634
"Main Thread > PlayerLoop > UpdateScene > Update.ScriptRunDelayedDynamicFrameRate > CoroutinesDelayedCalls > Assembly-CSharp.dll!TimelessEchoes.MapGeneration::SegmentedMapGenerator.ShiftSegments() [Coroutine: MoveNext] [Invoke] > Scan > PreProcessingGraphs > Calculating Graph Update",18,2976
"Main Thread > PlayerLoop > UpdateScene > Update.ScriptRunBehaviourUpdate > BehaviourUpdate > Assembly-CSharp.dll!TimelessEchoes::FloatingText.Update() [Invoke]",91,2912
"Main Thread > PlayerLoop > UpdateScene > Update.ScriptRunBehaviourUpdate > BehaviourUpdate > Assembly-CSharp.dll!TimelessEchoes.Enemies::Enemy.Update() [Invoke]",55,2776
"Main Thread > PlayerLoop > UpdateScene > PreLateUpdate.ScriptRunBehaviourLateUpdate > LateBehaviourUpdate > Assembly-CSharp.dll!TimelessEchoes.Enemies::EnemyActivator.LateUpdate() [Invoke] > AstarPathfindingProject.dll!Pathfinding::AIDestinationSetter.OnDisable() [Invoke]",19,2432
"Main Thread > PlayerLoop > UpdateScene > Update.ScriptRunBehaviourUpdate > BehaviourUpdate > Assembly-CSharp.dll!TimelessEchoes.Hero::HeroRegen.Update() [Invoke]",40,2336
"Main Thread > PlayerLoop > UpdateScene > Update.ScriptRunBehaviourUpdate > BehaviourUpdate > Assembly-CSharp.dll!TimelessEchoes.Hero::HeroBase.Update() [Invoke] > GameObject.Activate > GameObject.ActivateAwakeRecursively > Assembly-CSharp.dll!TimelessEchoes.Hero::EchoController.OnEnable() [Invoke]",29,2166
"Main Thread > PlayerLoop > UpdateScene > Update.ScriptRunBehaviourUpdate > BehaviourUpdate > Assembly-CSharp.dll!TimelessEchoes.Buffs::BuffManager.Update() [Invoke] > GameObject.Activate > GameObject.ActivateAwakeRecursively > AstarPathfindingProject.dll!Pathfinding::AIBase.OnEnable() [Invoke]",16,2048
"Main Thread > PlayerLoop > UpdateScene > Update.ScriptRunBehaviourUpdate > BehaviourUpdate > Assembly-CSharp.dll!TimelessEchoes.Buffs::BuffManager.Update() [Invoke] > GameObject.Activate > GameObject.ActivateAwakeRecursively > AstarPathfindingProject.dll!Pathfinding::AIDestinationSetter.OnEnable() [Invoke]",16,2048
"Main Thread > PlayerLoop > UpdateScene > Update.ScriptRunDelayedDynamicFrameRate > CoroutinesDelayedCalls > Assembly-CSharp.dll!TimelessEchoes.MapGeneration::SegmentedMapGenerator.GenerateSegmentAsync() [Coroutine: MoveNext] [Invoke] > Instantiate > Instantiate.Produce > Assembly-CSharp.dll!Blindsided.Utilities::SlicedFilledImage..ctor() [Invoke]",45,1960
"Main Thread > PlayerLoop > UpdateScene > Update.ScriptRunBehaviourUpdate > BehaviourUpdate > Assembly-CSharp.dll!TimelessEchoes::Projectile.Update() [Invoke] > GameObject.Deactivate > GameObject.ActivateAwakeRecursively > Assembly-CSharp.dll!TimelessEchoes.Enemies::EnemyHealth.OnDisable() [Invoke]",15,1920
"Main Thread > PlayerLoop > UpdateScene > Update.ScriptRunBehaviourUpdate > BehaviourUpdate > Assembly-CSharp.dll!TimelessEchoes::Projectile.Update() [Invoke] > GameObject.Deactivate > GameObject.ActivateAwakeRecursively > AstarPathfindingProject.dll!Pathfinding::AIDestinationSetter.OnDisable() [Invoke]",15,1920
"Main Thread > PlayerLoop > UpdateScene > Update.ScriptRunDelayedDynamicFrameRate > CoroutinesDelayedCalls > Assembly-CSharp.dll!TimelessEchoes.Hero::HeroCombatController.Roll() [Coroutine: MoveNext] [Invoke]",90,1800
"Main Thread > PlayerLoop > UpdateScene > Update.ScriptRunDelayedDynamicFrameRate > CoroutinesDelayedCalls > Assembly-CSharp.dll!TimelessEchoes.MapGeneration::SegmentedMapGenerator.CreateSegment() [Coroutine: MoveNext] [Invoke]",22,1646
"Main Thread > PlayerLoop > UpdateScene > Update.ScriptRunBehaviourUpdate > BehaviourUpdate > Assembly-CSharp.dll!TimelessEchoes.Hero::EchoController.Update() [Invoke] > Assembly-CSharp.dll!TimelessEchoes.Hero::HeroCombatController.RollForCombat() [Coroutine: MoveNext] [Invoke]",34,1496
"Main Thread > PlayerLoop > UpdateScene > Update.ScriptRunBehaviourUpdate > BehaviourUpdate > Assembly-CSharp.dll!TimelessEchoes.Hero::HeroBase.Update() [Invoke] > GameObject.Activate > GameObject.ActivateAwakeRecursively > UnityEngine.UI.dll!UnityEngine.UI::Image.OnEnable() [Invoke]",18,1456
"Main Thread > PlayerLoop > UpdateScene > Update.ScriptRunBehaviourUpdate > BehaviourUpdate > Assembly-CSharp.dll!TimelessEchoes.Hero::HeroBase.Update() [Invoke] > TransformHandle.SetParent > UnityEngine.UI.dll!UnityEngine.UI::MaskableGraphic.OnTransformParentChanged() [Invoke]",18,1456
"Main Thread > PlayerLoop > UpdateScene > Update.ScriptRunDelayedDynamicFrameRate > CoroutinesDelayedCalls > Assembly-CSharp.dll!TimelessEchoes.Upgrades::CauldronManager.TasteTickCoroutine() [Coroutine: MoveNext] [Invoke] > Assembly-CSharp.dll!TimelessEchoes.UI::CollectionsWindowUI.SectionUpdateCoalesce() [Coroutine: MoveNext] [Invoke]",57,1368
"Main Thread > PlayerLoop > UpdateScene > PostLateUpdate.PlayerUpdateCanvases > UIEvents.WillRenderCanvases > UGUI.Rendering.UpdateBatches > UnityEngine.UIModule.dll!UnityEngine::Canvas.SendWillRenderCanvases() [Invoke] > Render > CanvasUpdate.PreRender > TMP Parse Text",18,1152
"Main Thread > PlayerLoop > UpdateScene > Update.ScriptRunBehaviourUpdate > BehaviourUpdate > Assembly-CSharp.dll!TimelessEchoes.Hero::EchoController.Update() [Invoke] > GameObject.Activate > GameObject.ActivateAwakeRecursively > Assembly-CSharp.dll!TimelessEchoes.Hero::EchoController.OnEnable() [Invoke]",16,1100
"Main Thread > PlayerLoop > UpdateScene > Update.ScriptRunBehaviourUpdate > BehaviourUpdate > Assembly-CSharp.dll!TimelessEchoes.Hero::HeroBase.Update() [Invoke] > GameObject.Deactivate > GameObject.ActivateAwakeRecursively > UnityEngine.UI.dll!UnityEngine.UI::CanvasScaler.OnDisable() [Invoke]",3,1016
"Main Thread > PlayerLoop > UpdateScene > Update.ScriptRunDelayedDynamicFrameRate > CoroutinesDelayedCalls > Assembly-CSharp.dll!TimelessEchoes.MapGeneration::SegmentedMapGenerator.GenerateSegmentAsync() [Coroutine: MoveNext] [Invoke] > Instantiate > Instantiate.Awake > Assembly-CSharp.dll!TimelessEchoes.Tasks::FarmingTask.OnEnable() [Invoke] > GameObject.Deactivate > GameObject.ActivateAwakeRecursively > UnityEngine.CoreModule.dll!UnityEngine::RectTransform.SendReapplyDrivenProperties() [Invoke]",25,1000
"Main Thread > PlayerLoop > UpdateScene > Update.ScriptRunBehaviourUpdate > BehaviourUpdate > Assembly-CSharp.dll!TimelessEchoes.MapGeneration::SegmentedMapGenerator.Update() [Invoke] > Assembly-CSharp.dll!TimelessEchoes.MapGeneration::SegmentedMapGenerator.ShiftSegments() [Coroutine: MoveNext] [Invoke] > Assembly-CSharp.dll!TimelessEchoes.MapGeneration::SegmentedMapGenerator.CreateSegment() [Coroutine: MoveNext] [Invoke]",15,942
"Main Thread > PlayerLoop > UpdateScene > Update.ScriptRunBehaviourUpdate > BehaviourUpdate > Assembly-CSharp.dll!TimelessEchoes.Hero::EchoController.Update() [Invoke] > GameObject.Deactivate > GameObject.ActivateAwakeRecursively > AstarPathfindingProject.dll!Pathfinding::AIDestinationSetter.OnDisable() [Invoke]",7,896
"Main Thread > PlayerLoop > UpdateScene > Update.ScriptRunBehaviourUpdate > BehaviourUpdate > Assembly-CSharp.dll!TimelessEchoes.MapGeneration::SegmentedMapGenerator.Update() [Invoke] > Assembly-CSharp.dll!TimelessEchoes.MapGeneration::SegmentedMapGenerator.ShiftSegments() [Coroutine: MoveNext] [Invoke] > Assembly-CSharp.dll!TimelessEchoes.MapGeneration::SegmentedMapGenerator.GenerateSegmentAsync() [Coroutine: MoveNext] [Invoke]",6,864
"Main Thread > PlayerLoop > UpdateScene > Update.ScriptRunBehaviourUpdate > BehaviourUpdate > Assembly-CSharp.dll!TimelessEchoes.Hero::HeroBase.Update() [Invoke] > GameObject.Activate > GameObject.ActivateAwakeRecursively > UnityEngine.UI.dll!UnityEngine.UI::CanvasScaler.OnEnable() [Invoke]",3,816
"Main Thread > PlayerLoop > UpdateScene > Update.ScriptRunDelayedDynamicFrameRate > CoroutinesDelayedCalls > Assembly-CSharp.dll!TimelessEchoes.MapGeneration::SegmentedMapGenerator.GenerateSegmentAsync() [Coroutine: MoveNext] [Invoke] > Instantiate > Instantiate.Copy > UnityEngine.CoreModule.dll!UnityEngine.Serialization::SerializationBackendManagedCommands.ObjectToSerializationBuffer() [Invoke]",20,800
"Main Thread > PlayerLoop > UpdateScene > Update.ScriptRunDelayedDynamicFrameRate > CoroutinesDelayedCalls > Assembly-CSharp.dll!TimelessEchoes.MapGeneration::SegmentedMapGenerator.ShiftSegments() [Coroutine: MoveNext] [Invoke] > Scan > Init",3,552
"Main Thread > PlayerLoop > UpdateScene > Update.ScriptRunDelayedDynamicFrameRate > CoroutinesDelayedCalls > Assembly-CSharp.dll!TimelessEchoes.MapGeneration::SegmentedMapGenerator.GenerateSegmentAsync() [Coroutine: MoveNext] [Invoke] > GameObject.AddComponent",8,512
"Main Thread > PlayerLoop > UpdateScene > Update.ScriptRunDelayedDynamicFrameRate > CoroutinesDelayedCalls > Assembly-CSharp.dll!TimelessEchoes.MapGeneration::SegmentedMapGenerator.GenerateSegmentAsync() [Coroutine: MoveNext] [Invoke] > Instantiate > Instantiate.Awake > UnityEngine.UI.dll!UnityEngine.UI::Image.OnCanvasHierarchyChanged() [Invoke]",10,400
"Main Thread > PlayerLoop > UpdateScene > Update.ScriptRunDelayedDynamicFrameRate > CoroutinesDelayedCalls > Assembly-CSharp.dll!TimelessEchoes.MapGeneration::SegmentedMapGenerator.GenerateSegmentAsync() [Coroutine: MoveNext] [Invoke] > TransformHandle.SetParent > UnityEngine.UI.dll!UnityEngine.UI::Graphic.OnBeforeTransformParentChanged() [Invoke]",10,400
"Main Thread > PlayerLoop > UpdateScene > Update.ScriptRunBehaviourUpdate > BehaviourUpdate > Assembly-CSharp.dll!TimelessEchoes.Hero::EchoController.Update() [Invoke] > Assembly-CSharp.dll!TimelessEchoes.Hero::HeroCombatController.RollForCombat() [Coroutine: MoveNext] [Invoke] > Assembly-CSharp.dll!TimelessEchoes.Hero::HeroCombatController.Roll() [Coroutine: MoveNext] [Invoke]",17,340
"Main Thread > PlayerLoop > UpdateScene > Update.ScriptRunBehaviourUpdate > BehaviourUpdate > Assembly-CSharp.dll!TimelessEchoes.MapGeneration::SegmentedMapGenerator.Update() [Invoke]",6,336
"Main Thread > PlayerLoop > UpdateScene > Update.ScriptRunDelayedDynamicFrameRate > CoroutinesDelayedCalls > Assembly-CSharp.dll!TimelessEchoes.MapGeneration::SegmentedMapGenerator.GenerateSegmentAsync() [Coroutine: MoveNext] [Invoke] > Instantiate > Instantiate.Produce > Assembly-CSharp.dll!TimelessEchoes.Tasks::FarmingTask..ctor() [Invoke]",5,320
"Main Thread > PlayerLoop > UpdateScene > Update.ScriptRunDelayedDynamicFrameRate > CoroutinesDelayedCalls > Assembly-CSharp.dll!TimelessEchoes.MapGeneration::SegmentedMapGenerator.ShiftSegments() [Coroutine: MoveNext] [Invoke] > Scan > FinishingScans > JobHandle.Complete > WaitForJobGroupID > HierarchicalGraph:JobRecalculateComponents > UnityEngine.CoreModule.dll!::ExecuteJobFunction.Invoke() [Invoke] > Recalculate Connected Components > Remove",3,312
"Main Thread > PlayerLoop > UpdateScene > Update.ScriptRunDelayedDynamicFrameRate > CoroutinesDelayedCalls > Assembly-CSharp.dll!TimelessEchoes.MapGeneration::SegmentedMapGenerator.ShiftSegments() [Coroutine: MoveNext] [Invoke] > Scan > FinishingScans > JobHandle.Complete > WaitForJobGroupID > HierarchicalGraph:JobRecalculateComponents > UnityEngine.CoreModule.dll!::ExecuteJobFunction.Invoke() [Invoke] > Recalculate Connected Components > Find",3,312
"Main Thread > PlayerLoop > UpdateScene > Update.ScriptRunBehaviourUpdate > BehaviourUpdate > Assembly-CSharp.dll!TimelessEchoes.Hero::EchoController.Update() [Invoke] > GameObject.Activate > GameObject.ActivateAwakeRecursively > AstarPathfindingProject.dll!Pathfinding::AIBase.OnEnable() [Invoke]",2,256
"Main Thread > PlayerLoop > UpdateScene > Update.ScriptRunBehaviourUpdate > BehaviourUpdate > Assembly-CSharp.dll!TimelessEchoes.Hero::EchoController.Update() [Invoke] > GameObject.Activate > GameObject.ActivateAwakeRecursively > AstarPathfindingProject.dll!Pathfinding::AIDestinationSetter.OnEnable() [Invoke]",2,256
"Main Thread > PlayerLoop > UpdateScene > Update.ScriptRunBehaviourUpdate > BehaviourUpdate > Assembly-CSharp.dll!TimelessEchoes.Hero::HeroBase.Update() [Invoke] > GameObject.Activate > GameObject.ActivateAwakeRecursively > AstarPathfindingProject.dll!Pathfinding::AIBase.OnEnable() [Invoke]",2,256
"Main Thread > PlayerLoop > UpdateScene > Update.ScriptRunBehaviourUpdate > BehaviourUpdate > Assembly-CSharp.dll!TimelessEchoes.Hero::HeroBase.Update() [Invoke] > GameObject.Activate > GameObject.ActivateAwakeRecursively > AstarPathfindingProject.dll!Pathfinding::AIDestinationSetter.OnEnable() [Invoke]",2,256
"Main Thread > PlayerLoop > UpdateScene > Update.ScriptRunDelayedDynamicFrameRate > CoroutinesDelayedCalls > Assembly-CSharp.dll!TimelessEchoes::GameManager.MonitorRunStallRoutine() [Coroutine: MoveNext] [Invoke]",12,240
"Main Thread > PlayerLoop > UpdateScene > Update.ScriptRunDelayedDynamicFrameRate > CoroutinesDelayedCalls > Assembly-CSharp.dll!TimelessEchoes.MapGeneration::SegmentedMapGenerator.ShiftSegments() [Coroutine: MoveNext] [Invoke] > Scan",12,240
"Main Thread > PlayerLoop > UpdateScene > PostLateUpdate.PlayerUpdateCanvases > UIEvents.WillRenderCanvases > UGUI.Rendering.UpdateBatches > UnityEngine.UIModule.dll!UnityEngine::Canvas.SendWillRenderCanvases() [Invoke] > Layout > CanvasUpdate.Layout > UnityEngine.UI.dll!UnityEngine.UI::LayoutGroup.OnRectTransformDimensionsChange() [Invoke]",6,216
"Main Thread > PlayerLoop > UpdateScene > Update.ScriptRunDelayedDynamicFrameRate > CoroutinesDelayedCalls > Assembly-CSharp.dll!TimelessEchoes.MapGeneration::SegmentedMapGenerator.GenerateSegmentAsync() [Coroutine: MoveNext] [Invoke] > Instantiate > Instantiate.Produce > UnityEngine.UI.dll!UnityEngine.UI::GraphicRaycaster..ctor() [Invoke]",5,200
"Main Thread > PlayerLoop > UpdateScene > Update.ScriptRunDelayedDynamicFrameRate > CoroutinesDelayedCalls > Assembly-CSharp.dll!TimelessEchoes.MapGeneration::SegmentedMapGenerator.GenerateSegmentAsync() [Coroutine: MoveNext] [Invoke] > Instantiate > Instantiate.Awake > Unity.TextMeshPro.dll!TMPro::TextMeshProUGUI.OnCanvasHierarchyChanged() [Invoke]",5,200
"Main Thread > PlayerLoop > UpdateScene > Update.ScriptRunDelayedDynamicFrameRate > CoroutinesDelayedCalls > Assembly-CSharp.dll!TimelessEchoes.MapGeneration::SegmentedMapGenerator.GenerateSegmentAsync() [Coroutine: MoveNext] [Invoke] > Instantiate > Instantiate.Awake > Assembly-CSharp.dll!TimelessEchoes.Tasks::FarmingTask.OnEnable() [Invoke] > GameObject.Deactivate > GameObject.ActivateAwakeRecursively",5,200
"Main Thread > PlayerLoop > UpdateScene > Update.ScriptRunDelayedDynamicFrameRate > CoroutinesDelayedCalls > Assembly-CSharp.dll!TimelessEchoes.MapGeneration::SegmentedMapGenerator.ShiftSegments() [Coroutine: MoveNext] [Invoke]",6,168
"Main Thread > PlayerLoop > UpdateScene > Update.ScriptRunDelayedDynamicFrameRate > CoroutinesDelayedCalls > Assembly-CSharp.dll!TimelessEchoes.MapGeneration::SegmentedMapGenerator.ShiftSegments() [Coroutine: MoveNext] [Invoke] > Scan > FinishingScans",9,168
"Main Thread > PlayerLoop > UpdateScene > Update.ScriptRunBehaviourUpdate > BehaviourUpdate > Assembly-CSharp.dll!TimelessEchoes::Projectile.Update() [Invoke] > GameObject.Deactivate > GameObject.ActivateAwakeRecursively > AstarPathfindingProject.dll!Pathfinding.RVO::RVOController.OnDisable() [Invoke]",1,96
"Main Thread > PlayerLoop > UpdateScene > Update.ScriptRunBehaviourUpdate > BehaviourUpdate > Assembly-CSharp.dll!TimelessEchoes.Enemies::Enemy.Update() [Invoke] > Assembly-CSharp.dll!TimelessEchoes.Hero::HeroCombatController.RollForCombat() [Coroutine: MoveNext] [Invoke]",2,88
"Main Thread > PlayerLoop > UpdateScene > Update.ScriptRunDelayedDynamicFrameRate > CoroutinesDelayedCalls > Assembly-CSharp.dll!Blindsided::Oracle.AutosaveRoutine() [Coroutine: MoveNext] [Invoke]",1,24
"Main Thread > PlayerLoop > UpdateScene > Update.ScriptRunBehaviourUpdate > BehaviourUpdate > Assembly-CSharp.dll!TimelessEchoes.Enemies::Enemy.Update() [Invoke] > Assembly-CSharp.dll!TimelessEchoes.Hero::HeroCombatController.RollForCombat() [Coroutine: MoveNext] [Invoke] > Assembly-CSharp.dll!TimelessEchoes.Hero::HeroCombatController.Roll() [Coroutine: MoveNext] [Invoke]",1,20
