name,calls,inclusive_ms,self_ms,max_inclusive_ms,frames
"EditorLoop",996,3509.0507833510637,3509.0507833510637,921.1436767578125,249
"Assembly-CSharp.dll!TimelessEchoes.NpcGeneration::AlterEchoGeneratorProgressUI.Update() [Invoke]",15128,244.88549890808645,229.79229925585969,0.34310001134872437,249
"CanvasUpdate.PreRender",250,291.09659877080412,223.85719906569284,26.763700485229492,249
"CanvasUpdate.Layout",250,238.0529012171537,194.49350158515153,157.08689880371094,249
"UnityEngine.UI.dll!UnityEngine.EventSystems::EventSystem.Update() [Invoke]",249,187.916399538517,187.88589953877818,1.353600025177002,249
"Profiler.FlushMemoryCounters",249,166.97409969568253,166.97409969568253,1.0270999670028687,249
"Inl_On Record Render Graph",747,109.33439968526363,107.25029972526681,0.71869999170303345,249
"Assembly-CSharp.dll!TimelessEchoes.Buffs::BuffUIManager.Update() [Invoke]",249,111.62549996725284,103.86039996803447,3.1724998950958252,249
"WaitForJobGroupID",6406,112.70989950856892,87.039399649569532,0.41990000009536743,249
"Assembly-CSharp.dll!TimelessEchoes.Upgrades::CauldronManager.TasteTickCoroutine() [Coroutine: MoveNext] [Invoke]",43,63.544099748134613,61.61189979629853,8.57229995727539,249
"TMP.SetArraySizes",4842,38.68399978033267,38.208099790994311,0.31520000100135803,249
"Instantiate.Produce",322,43.208199924789369,35.012199979071738,0.54350000619888306,249
"UnityEngine.UIModule.dll!UnityEngine::Canvas.SendWillRenderCanvases() [Invoke]",249,376.80469882488251,27.22290129493922,50.846401214599609,249
"Inl_RenderCameraStack",747,547.88249897025526,24.287199989237706,3.226099967956543,249
"BehaviourUpdate",249,627.09229928255081,23.243101350963116,6.1826000213623047,249
"TilemapRenderer.DistributeJobs",447,23.116999894380569,22.04149989967118,0.34729999303817749,249
"GC.Alloc",643870,21.643999494561285,21.643999494561285,0.23809999227523804,249
"Inl_NRPRGComp_ExecuteBeginRenderpassCommand",3486,20.381099916179664,20.381099916179664,0.38960000872612,249
"UGUI.Rendering.UpdateBatches",249,406.61159658432007,19.225097838985675,52.994800567626953,249
"TMP GenerateText - Phase I",3940,32.805499809386674,16.000700279946614,0.20890000462532043,249
"Unity.Cinemachine.dll!Unity.Cinemachine::CinemachineBrain.LateUpdate() [Invoke]",249,15.094299890100956,15.094299890100956,0.34839999675750732,249
"Destroy",1005,37.384499842417426,15.030999993476144,1.2019000053405762,249
"PostLateUpdate.MemoryFrameMaintenance",249,14.675499950535595,14.675499950535595,0.61669999361038208,249
"DrawScreenSpaceUI",498,27.95509984344244,14.210599899757653,0.36289998888969421,249
"Inl_UniversalRenderPipeline.RenderSingleCameraInternal: BGCamera",249,107.10299983620644,13.47200009052176,0.849399983882904,249
"EarlyUpdate.UpdateCanvasRectTransform",249,13.018499944359064,13.018499944359064,0.2020999938249588,249
"UnityEngine.CoreModule.dll!UnityEngine.Serialization::SerializationBackendManagedCommands.SerializationBufferToObject() [Invoke]",11110,17.26899987966317,12.995599976049562,0.3142000138759613,249
"Inl_UniversalRenderTotal",249,565.84429836273193,12.664499414910097,4.091400146484375,249
"Profiler.CollectUIStats",249,12.460099939256907,12.460099939256907,0.29429998993873596,249
"Inl_UniversalRenderPipeline.RenderSingleCameraInternal: Main Camera",249,224.29069989919662,11.507100545713911,1.648900032043457,249
"Inl_ComputeHashRenderGraph",747,11.401399934664369,11.401399934664369,0.266400009393692,249
"TilemapRenderer.ScheduleIndividual",249,30.25549989938736,11.314499961212277,0.38249999284744263,249
"UpdateScene",249,1689.6621878147125,11.035887920799723,227.93809509277344,249
"UIEvents.UpdateCanvasRectTransform",249,10.96359995007515,10.945599949685857,0.19140000641345978,249
"Inl_UniversalRenderPipeline.RenderSingleCameraInternal: UI Cam",249,98.439399570226669,10.915199795446824,1.0851999521255493,249
"SpriteRenderer.PrepareNode",1416,10.101499960961519,10.101499960961519,0.30500000715255737,249
"Unity.TextMeshPro.dll!TMPro::TextMeshProUGUI.OnRectTransformDimensionsChange() [Invoke]",2578,10.014099906897172,10.014099906897172,0.01549999974668026,249
"Tilemap.UpdateTileAnimation()",2241,9.5299999672424747,9.5299999672424747,0.19269999861717224,249
"Unity.TextMeshPro.dll!TMPro::TextMeshProUGUI.Awake() [Invoke]",610,10.27019998151809,9.31880000585079,0.31360000371932983,249
"Assembly-CSharp.dll!TimelessEchoes.NpcGeneration::AlterEchoGeneratorUIManager.Update() [Invoke]",249,9.2067999392747879,9.1098999418027233,0.18930000066757202,249
"Inl_ScriptableRenderContext.Submit",747,66.178499847650528,8.9280000175785972,0.48510000109672546,249
"Inl_NRPRGComp_ExecuteInitializeResources",7719,8.75199993703427,8.75199993703427,0.2921999990940094,249
"Semaphore.WaitForSignal",249,8.6573000048665563,8.6573000048665563,2.8218998908996582,249
"Inl_UniversalRenderPipeline.InitializeAdditionalCameraData",996,8.47859994135797,8.47859994135797,0.30149999260902405,249
"FindObjectsOfType",790,8.2090999906067736,8.2090999906067736,0.41819998621940613,249
"Inl_ScriptableRenderer.SetPerCameraShaderVariables",747,7.9618999566882849,7.9618999566882849,0.26800000667572021,249
"Assembly-CSharp.dll!TimelessEchoes.NpcGeneration::AlterEchoGenerationManager.Update() [Invoke]",249,7.9371999688446522,7.842999971115205,0.30469998717308044,249
"Inl_UniversalRenderPipeline.CreateCameraData",747,12.57319993339479,7.7285999641753733,0.26690000295639038,249
"Instantiate.Copy",322,30.212099847965874,7.4224000329268165,0.47850000858306885,249
"Inl_ExecuteRenderGraph",747,96.713099755346775,7.2622003109427169,0.57160001993179321,249
"TMP.GenerateText",3940,49.714899822836742,7.0912000685348175,0.22329999506473541,249
"Material.SetPassFast",8064,7.3611999391869176,7.0296999472338939,0.13760000467300415,249
"Assembly-CSharp.dll!TimelessEchoes::GameManager.Update() [Invoke]",249,7.3842999770422466,7.017999986106588,0.40970000624656677,249
"Main Thread",249,5986.89346408844,6.9095874842896592,957.1761474609375,249
"Unity.TextMeshPro.dll!TMPro::TextMeshProUGUI.OnEnable() [Invoke]",610,7.4101999718695879,6.8953999840523466,0.15350000560283661,249
"TMP Parse Text",4842,45.789699713233858,6.8201999395823805,0.31779998540878296,249
"Canvas.BuildBatch",249,6.8066999800503254,6.8066999800503254,0.15600000321865082,249
"RenderLoop.CleanupNodeQueue",3233,6.6950999629261787,6.6950999629261787,0.16500000655651093,249
"Inl_NRPRGComp_ExecuteDestroyResources",7719,6.692599919733766,6.692599919733766,0.016300000250339508,249
"Inl_CompileRenderGraph",747,6.685899943113327,6.685899943113327,0.21209999918937683,249
"Submit Gizmos",747,6.5216999691911042,6.5216999691911042,0.15889999270439148,249
"TilemapRenderer.CameraBoundsCheck",2241,23.667699865298346,6.3851999580219854,0.30899998545646667,249
"Unity.TextMeshPro.dll!TMPro::TextMeshProUGUI.OnDestroy() [Invoke]",696,13.35789995174855,6.3345999594166642,0.23229999840259552,249
"Assembly-CSharp.dll!TimelessEchoes.NpcGeneration::AlterEchoGenerationManager.RunNextFrameRoutine() [Coroutine: MoveNext] [Invoke]",8,124.80499850976048,6.275098903432081,64.343597412109375,249
"UnityEngine.UI.dll!UnityEngine.UI::HorizontalOrVerticalLayoutGroup.Update() [Invoke]",67119,6.1711998577811755,6.1711998577811755,0.12860000133514404,249
"UnityEngine.UI.dll!UnityEngine.UI::ScrollRect.LateUpdate() [Invoke]",249,6.1607999540865421,6.1607999540865421,0.15799999237060547,249
"Inl_CopyDepth",747,6.0588999583851546,6.0588999583851546,0.296999990940094,249
"QFSW.QC.dll!QFSW.QC::QuantumConsole.Update() [Invoke]",249,5.8576999399811029,5.8576999399811029,0.27669999003410339,249
"SpriteRenderer.OnChangeSprite",1061,5.6624999713385478,5.6624999713385478,0.14280000329017639,249
"CoroutinesDelayedCalls",1254,426.069612881809,5.5560007946623955,207.40141296386719,249
"Layout",250,243.71761195221916,5.4478107400427689,160.97421264648438,249
"Inl_ColorGradingLUT",249,5.4342999774962664,5.4342999774962664,0.21240000426769257,249
"UnityEngine.CoreModule.dll!UnityEngine.Rendering::RenderPipelineManager.DoRenderLoop_Internal() [Invoke]",249,571.27019870281219,5.4259003400802612,4.1210999488830566,249
"TMP GenerateText - Phase II",1146,5.425999965518713,5.42169996562734,0.031700000166893005,249
"ExecuteRenderGraph",747,53.446199830621481,5.4081001470258343,0.45260000228881836,249
"UnityEngine.UI.dll!UnityEngine.UI::Image.OnEnable() [Invoke]",610,5.3480999683961272,5.3242999689973658,0.251800000667572,249
"TMP.UnregisterTextObjectForUpdate",1306,5.30210000029183,5.30210000029183,0.13189999759197235,249
"Inl_BlitFinalToBackBuffer",498,5.28689996805042,5.28689996805042,0.027899999171495438,249
"UnityEngine.CoreModule.dll!UnityEngine.Serialization::SerializationBackendManagedCommands.ObjectToSerializationBuffer() [Invoke]",11110,5.3336999397506588,5.2496999417344341,0.31610000133514404,249
"Inl_RecordRenderGraph",747,114.61469967663288,5.104899996680615,0.72890001535415649,249
"SceneCulling",747,29.654999859631062,5.06399998976849,0.3294999897480011,249
"CopyDepth",747,5.2489999763201922,4.9215999867374194,0.16290000081062317,249
"Inl_UniversalRenderPipeline.InitializeStackedCameraData",747,4.8445999692194164,4.8445999692194164,0.09009999781847,249
"Cull 2D Lights and Shadow Casters",747,4.7445999695919454,4.7445999695919454,0.058699999004602432,249
"Unity.ResourceManager.dll!::MonoBehaviourCallbackHooks.LateUpdate() [Invoke]",1743,4.9480999769730261,4.6853999833765556,0.1429000049829483,249
"RenderPlayModeViewCameras",249,592.63359820842743,4.5038995714348857,4.2354998588562012,249
"Inl_Setup Camera Properties",747,12.3884999146685,4.4265999579802155,0.27739998698234558,249
"UnityEngine.CoreModule.dll!UnityEngine::AsyncOperation.InvokeCompletionEvent() [Invoke]",3,4.93109992146492,4.3577999306944548,2.6777999401092529,249
"UnityEngine.IMGUIModule.dll!UnityEngine::GUIUtility.BeginGUI() [Invoke]",498,7.33560001058504,4.2440000531350961,0.14300000667572021,249
"Inl_Renderer2D Pass",747,4.1374999838881195,4.1374999838881195,0.022800000384449959,249
"Unity.TextMeshPro.dll!TMPro::TextMeshProUGUI.OnDisable() [Invoke]",610,4.471199972787872,4.0755999711400364,0.30169999599456787,249
"Inl_UniversalRenderPipeline.SetupPerCameraShaderConstants",747,4.04739997908473,4.04739997908473,0.15189999341964722,249
"CullScriptable",747,145.76059963554144,3.9533002580574248,0.84930002689361572,249
"Unity.TextMeshPro.dll!TMPro::TextMeshProUGUI..ctor() [Invoke]",939,4.7443999669048935,3.8191999885530095,0.29089999198913574,249
"UnityEngine.InputModule.dll!UnityEngineInternal.Input::NativeInputSystem.NotifyBeforeUpdate() [Invoke]",756,4.28799995737063,3.7219999612061656,0.14579999446868896,249
"TMP GenerateText - Phase III",1146,4.3921999793965369,3.7056999947672011,0.1363999992609024,249
"Instantiate.Awake",322,34.029399824794382,3.7032999217044562,0.45469999313354492,249
"Inl_UniversalRenderPipeline.CreateRenderingData",747,7.5712999925017357,3.6509000184742035,0.29660001397132874,249
"UGUI.Rendering.EmitWorldScreenspaceCameraGeometry",498,3.586799988974235,3.586799988974235,0.27390000224113464,249
"Unity.Cinemachine.dll!Unity.Cinemachine::CinemachineBrain.AfterPhysics() [Coroutine: MoveNext] [Invoke]",258,3.5173999858088791,3.5173999858088791,0.19189999997615814,249
"UnityEngine.UI.dll!UnityEngine.UI::Image.OnDisable() [Invoke]",610,3.4966999897733331,3.4884999897331,0.13819999992847443,249
"AssetDatabase.GetAssetPathToGUIDV2",1494,3.4260999748948961,3.4260999748948961,0.017999999225139618,249
"AudioManager.Update",249,9.4089999757707119,3.4247000087052584,0.27329999208450317,249
"UnityEngine.CoreModule.dll!UnityEngine::RectTransform.SendReapplyDrivenProperties() [Invoke]",1952,3.4204999696230516,3.4204999696230516,0.13379999995231628,249
"UnityEngine.UI.dll!UnityEngine.UI::LayoutGroup.OnDisable() [Invoke]",610,3.24870000872761,3.24870000872761,0.14159999787807465,249
"GetComponentNullErrorWrapper",5716,3.5115999154731981,3.1905999231457827,0.011900000274181366,249
"Inl_Initialize Frame",747,4.7504999684169888,3.1717999703250825,0.1890999972820282,249
"UnityEngine.UI.dll!UnityEngine.UI::LayoutGroup.OnEnable() [Invoke]",610,3.1537999839056283,3.1386999841488432,0.14339999854564667,249
"UnityEngine.CoreModule.dll!::UpdateFunction.Invoke() [Invoke]",498,3.0871999855153263,3.0871999855153263,0.24830000102519989,249
"VolumeManager.Update",747,3.0136999948881567,3.0136999948881567,0.19799999892711639,249
"Setup Camera Properties",747,3.011899970122613,3.011899970122613,0.14949999749660492,249
"EditorConnection.CheckForIncomingConnections",249,3.0074999891221523,3.0074999891221523,0.018999999389052391,249
"DeformationManager.LateUpdate",249,3.0357999745756388,2.9929999755840981,0.13969999551773071,249
"RenderLoop.ScheduleDraw",996,6.6090999499429017,2.8388999848393723,0.19939999282360077,249
"EditorConnection.PollAllCustomMessages",249,2.7761999890208244,2.7761999890208244,0.20350000262260437,249
"Assembly-CSharp.dll!::CloudSpawner.Update() [Invoke]",249,2.742199988104403,2.742199988104403,0.016699999570846558,249
"AudioSource.Update",249,2.741099982522428,2.741099982522428,0.24899999797344208,249
"Animators.PrepareFirstPass",249,2.6641999874264,2.6641999874264,0.04010000079870224,249
"LateBehaviourUpdate",249,38.54949988424778,2.6505000931647373,0.74150002002716064,249
"TMP Save Glyph Vertex Data",16693,2.5771999370772392,2.5771999370772392,0.048599999397993088,249
"Idle",34,2.5704000236146385,2.5704000236146385,0.219200000166893,249
"TMP Lookup Character & Glyph Data",21028,2.5636999404960079,2.5636999404960079,0.10790000110864639,249
"GUI.Repaint",249,11.909699957817793,2.5032999518152792,0.34070000052452087,249
"Initialize Frame",747,2.378199975239113,2.378199975239113,0.29359999299049377,249
"Animators.ProcessGraphJob",249,11.578399948775768,2.377900006249547,0.25540000200271606,249
"UnityEngine.UI.dll!UnityEngine.UI::LayoutGroup.OnRectTransformDimensionsChange() [Invoke]",3167,2.3988999258144759,2.3730999263498234,0.018500000238418579,249
"TilemapRenderer.CheckDirtyChunks",2241,8.6510999656748027,2.3654000211972743,0.13910000026226044,249
"PrepareSceneNodes",747,2.3303999828640372,2.3303999828640372,0.15230000019073486,249
"CullResults.CreateSharedRendererScene",747,53.594199821352959,2.3251999759449973,0.477400004863739,249
"Audio.FMODSystemUpdate",249,3.2431999845430255,2.207399989827536,0.023099999874830246,249
"UnityEngine.UI.dll!UnityEngine.UI::LayoutElement.OnEnable() [Invoke]",488,2.13950000051409,2.13950000051409,0.1119999960064888,249
"Profiler2D.CaptureFrame",249,2.3655999847687781,2.1056999917054782,0.017699999734759331,249
"Inl_UniversalRenderPipeline.CreateShadowData",747,2.0809999834746122,2.0809999834746122,0.28979998826980591,249
"UnityEngine.UI.dll!UnityEngine.UI::Graphic.OnDestroy() [Invoke]",1346,2.072299976600334,2.072299976600334,0.013799999840557575,249
"PostUpdateScreenManagerAndInput",249,2.0669999858364463,2.0669999858364463,0.35220000147819519,249
"Animators.ProcessAnimationsJob",249,11.210699932649732,2.0649999640882015,0.24979999661445618,249
"Profiler.FlushCountersWithFlushOnEndOfFrame",249,2.0498999827541411,2.0498999827541411,0.026399999856948853,249
"Inl_UpdateVolumeFramework",747,5.0549999726936221,2.0412999778054655,0.2004999965429306,249
"QueuePrepareIntegrateMainThreadObjects",498,32.30259991530329,2.0213000411167741,0.3831000030040741,249
"TMP Handle Visible Character",18325,4.9396998191514285,2.0091998938296456,0.14499999582767487,249
"Inl_Light2D Pass",249,1.9488999908789992,1.9488999908789992,0.186599999666214,249
"TMP Handle GPOS Features",21028,1.9205999514088035,1.9205999514088035,0.009100000374019146,249
"Animators.Update",498,38.485599897801876,1.8843001115237712,0.34070000052452087,249
"Inl_UberPostProcess",249,1.8668999867513776,1.8668999867513776,0.01360000018030405,249
"BlitFinalToBackBuffer",498,1.9027999904938042,1.790699993231101,0.020600000396370888,249
"UnityEditor.CoreModule.dll!UnityEditor::Selection.Internal_NonSelectedObjectWasDestroyed() [Invoke]",24404,1.773499967137468,1.773499967137468,0.23800000548362732,249
"UnityEngine.UIModule.dll!UnityEngine::Canvas.SendPreWillRenderCanvases() [Invoke]",249,1.7639999920502305,1.7639999920502305,0.14429999887943268,249
"TMP Compute Text Metrics",21028,1.7545999570647837,1.7545999570647837,0.12749999761581421,249
"UI.RenderOverlays",249,1.8347999858669937,1.7240999879431911,0.014899999834597111,249
"TransformChangeSystem",6298,1.8167999894940294,1.679799990808533,0.029899999499320984,249
"Inl_ScriptableRenderer.SetupCullingParameters",747,6.4178999597206712,1.6732999901287258,0.060600001364946365,249
"UpdateScreenManagerAndInput",249,1.6633999845944345,1.6633999845944345,0.25929999351501465,249
"EditorResources.Load",747,5.0833999481983483,1.6572999733034521,0.031300000846385956,249
"Director.PrepareFrame",1761,12.563599957204133,1.6203000017485465,0.30309998989105225,249
"PhysicsCore2D.DrawWorlds.ExecuteRenderCommands (SRP)",249,1.6292999950237572,1.6095999954559375,0.44940000772476196,249
"TMP Calculate Vertices Position",21028,1.5897999716180493,1.5897999716180493,0.12790000438690186,249
"Inl_ScriptableRenderer.ClearRenderingState",747,1.5786999980919063,1.5786999980919063,0.056699998676776886,249
"Assembly-CSharp.dll!TimelessEchoes.Upgrades::CauldronManager.CustomYieldInstruction() [Coroutine: MoveNext] [Invoke]",5050,1.5785999658910441,1.5785999658910441,0.13249999284744263,249
"QFSW.QC.UI.dll!QFSW.QC.UI::BlurShaderController.LateUpdate() [Invoke]",249,1.5725999921560287,1.5725999921560287,0.018999999389052391,249
"Profiler.CollectAudioStats",498,1.775699992547743,1.5420999946072698,0.0087000001221895218,249
"Assembly-CSharp.dll!TimelessEchoes.NpcGeneration::AlterEchoCropGrowth.Update() [Invoke]",4233,3.2428999538315111,1.53919995585602,0.14329999685287476,249
"ColorGradingLUT",249,1.6529999896883965,1.5009999943285948,0.02070000022649765,249
"PrepareSceneCullingParameters",747,1.9107999897096306,1.4861000004166272,0.0076999999582767487,249
"UnityEngine.UI.dll!UnityEngine.UI::LayoutGroup.OnTransformChildrenChanged() [Invoke]",505,1.4770999770771596,1.4770999770771596,0.0074000000022351742,249
"UniversalRenderPipeline.RenderSingleCameraInternal: Main Camera",249,10.965199928730726,1.3735999739292311,0.43309998512268066,249
"UnityEngine.UI.dll!UnityEngine.UI::Graphic.OnRectTransformDimensionsChange() [Invoke]",3350,1.3546999751415569,1.3546999751415569,0.003499999875202775,249
"UnityEngine.IMGUIModule.dll!UnityEngine::GUIUtility.SetSkin() [Invoke]",249,3.4078999869525433,1.3418999980203807,0.043699998408555984,249
"Inl_UniversalRenderPipeline.CreateLightData",747,1.5640999976312742,1.308100004462176,0.01679999940097332,249
"CanvasRenderer.SyncWorldRect",17533,1.2974999630241655,1.2974999630241655,0.0023999998811632395,249
"EndRenderQueueExtraction",747,49.08859985973686,1.2969000017037615,0.47130000591278076,249
"UnityEngine.CoreModule.dll!UnityEngine::UnitySynchronizationContext.ExecuteTasks() [Invoke]",249,1.2953999943565577,1.2755999941582559,0.29719999432563782,249
"UnityEngine.IMGUIModule.dll!UnityEngine::GUIUtility.EndGUI() [Invoke]",498,1.2626000003365334,1.2626000003365334,0.058600001037120819,249
"Animator.WriteProperties",4733,5.18699995631323,1.2249999830310117,0.027499999850988388,249
"EarlyUpdate.InsightsUpdate",249,1.2170999955851585,1.2170999955851585,0.017899999395012856,249
"PlayableOutput.PrepareFrame",220,2.4170999886628124,1.2117999961992609,0.27120000123977661,249
"AnimatorControllerPlayable.PrepareFrame",218,1.2052999924635515,1.2052999924635515,0.029899999499320984,249
"TilemapRenderer.CameraBoundsJob",3439,1.1961999776540324,1.1961999776540324,0.004799999762326479,249
"Inl_RenderPipeline.BeginCameraRendering",747,1.1852999883703887,1.1852999883703887,0.0044999998062849045,249
"Profiler.FrameMetadata",6525,1.1836999722363544,1.1836999722363544,0.010400000028312206,249
"Profiler.CollectPhysicsStats",200,1.1766999959945679,1.1766999959945679,0.010900000110268593,249
"Assembly-CSharp.dll!TimelessEchoes.UI::SettingsPanelUI.Update() [Invoke]",249,1.1677999863168225,1.1469999868495506,0.32749998569488525,249
"CanvasUpdate.LatePreRender",250,1.1443999949187855,1.1443999949187855,0.095499999821186066,249
"TMP Save Text Extent",19395,1.1220999783909065,1.1220999783909065,0.11860000342130661,249
"Animators.ApplyOnAnimatorMove",249,2.1972999800927937,1.1067000024631852,0.27239999175071716,249
"ALINE",1494,8.0980999637249624,1.105600009796035,0.16099999845027924,249
"afterCullingOutputReady.Invoke",747,1.1593999870819971,1.1007999886205653,0.003599999938160181,249
"InputUpdate",249,1.0922999961767346,1.0922999961767346,0.0084999995306134224,249
"Animator.ApplyOnAnimatorMove",4733,1.0905999776296085,1.0905999776296085,0.2637999951839447,249
"UnityEngine.UIElementsModule.dll!UnityEngine.UIElements::UIElementsRuntimeUtilityNative.UpdatePanels() [Invoke]",249,1.8909999895840883,1.0837000023457222,0.05429999902844429,249
"UniversalRenderPipeline.RenderSingleCameraInternal: BGCamera",249,9.3734999541193247,1.0615999953442952,0.32580000162124634,249
"UnityEngine.UI.dll!UnityEngine.UI::Image..ctor() [Invoke]",1197,1.420199996966403,1.0568000054627191,0.024800000712275505,249
"EngineJob",7322,21.81249986506009,1.0515000219093054,0.33059999346733093,249
"BeginRenderQueueExtraction",747,1.1463999977349886,1.0402000000249245,0.0052999998442828655,249
"UnityEngine.CoreModule.dll!UnityEngine.Rendering::SupportedRenderingFeatures.IsLightmapBakeTypeSupportedByRef() [Invoke]",747,1.033999987936113,1.033999987936113,0.14280000329017639,249
"UniversalRenderPipeline.RenderSingleCameraInternal: UI Cam",249,36.825799949467182,1.0053000393963885,0.460099995136261,249
"Find dependency chain",6406,1.0024999769957503,1.0024999769957503,0.0023999998811632395,249
"UnityEngine.UI.dll!UnityEngine.UI::Selectable.OnEnable() [Invoke]",244,1.0051000006496906,0.99620000087452354,0.017200000584125519,249
"Inl_SetLightBlendTextures",747,0.99079999121022411,0.99079999121022411,0.053300000727176666,249
"PhysicsCore2D.DrawWorlds",249,3.7345000011846423,0.97110000951215625,0.46880000829696655,249
"Audibility computation",249,1.0357999947154894,0.96179999747255351,0.0068999999202787876,249
"Assembly-CSharp.dll!TimelessEchoes::AspectRatioBox.LateUpdate() [Invoke]",498,0.942000001334236,0.942000001334236,0.27590000629425049,249
"Animator.ProcessGraph",273,1.1371999937109649,0.92409999668598175,0.025699999183416367,249
"ExecuteRenderQueueJob",265,11.287999936146662,0.920799982137396,0.33039999008178711,249
"GameObject.ActivateAwakeRecursively",278,4.337499972403748,0.91700000278069638,0.16380000114440918,249
"CopyChannels",4615,0.91099997937271837,0.91099997937271837,0.012600000016391277,249
"Unity.ResourceManager.dll!::MonoBehaviourCallbackHooks.Update() [Invoke]",1743,0.88529998889134731,0.88529998889134731,0.0076000001281499863,249
"TMP Parse Markup Text",3085,0.87419996592507232,0.87419996592507232,0.0065000001341104507,249
"Assembly-CSharp.dll!::PixelGridSnap.LateUpdate() [Invoke]",249,0.86519999476149678,0.86519999476149678,0.0502999983727932,249
"Inl_UberPostSetupBloomPass",249,0.84679998946376145,0.84679998946376145,0.14579999446868896,249
"Assembly-CSharp.dll!TimelessEchoes.Enemies::EnemyActivator.LateUpdate() [Invoke]",249,0.84189999778755009,0.84189999778755009,0.011099999770522118,249
"ProcessRemoteInput",249,0.85459999763406813,0.83829999809677247,0.0058999997563660145,249
"AudioManager.FixedUpdate",258,0.82049999870650936,0.82049999870650936,0.0087000001221895218,249
"Animator.ProcessAnimations",334,0.81939999596215785,0.81939999596215785,0.022499999031424522,249
"DestroyCullResults",747,7.1167999834287912,0.80520001085096737,0.16580000519752502,249
"Render",250,293.19639802584425,0.80449926136498107,26.84429931640625,249
"TMP Compute Character Advance",19396,0.79189998091897,0.79189998091897,0.0065000001341104507,249
"Profiler.CollectUIToolkitStats",249,0.778999998467043,0.778999998467043,0.0052000000141561031,249
"TimeUpdate.WaitForLastPresentationAndUpdateTime",249,1.4513999964110553,0.75280000586644746,0.010200000368058681,249
"TilemapRenderer.ExecuteIndividualJob",188,0.7478999957893393,0.7478999957893393,0.018699999898672104,249
"Profiler.ScreenshotUpdate",249,1.1879999991506338,0.74520000463962788,0.026399999856948853,249
"ParticleSystem.Update",249,0.96029999759048223,0.74470000324799912,0.0097000002861022949,249
"CullSendEvents",747,17.392199909314513,0.72719999201217433,0.29170000553131104,249
"EarlyUpdate.AnalyticsCoreStatsUpdate",249,0.72349999705329537,0.72349999705329537,0.0046999999321997166,249
"CustomRenderTextures.Update",249,0.719199996907264,0.719199996907264,0.00559999980032444,249
"Animators.PrepareSecondPass",249,0.71879999549128115,0.71879999549128115,0.0087999999523162842,249
"Assembly-CSharp.dll!TimelessEchoes.UI::QuestButtonIndicator.Update() [Invoke]",249,0.71999999904073775,0.69949999949312769,0.0052000000141561031,249
"PlayerEndOfFrame",249,2.5463999747298658,0.698699991349713,0.27289998531341553,249
"Inl_UniversalRenderPipeline.SetupPerFrameShaderConstants",249,0.69429999589920044,0.69429999589920044,0.023599999025464058,249
"Preload Single Step",249,0.683799995254958,0.683799995254958,0.025599999353289604,249
"Gfx.EndAsyncJobFrame",747,1.552499997553241,0.66719998980988748,0.27050000429153442,249
"Inl_RenderPipeline.EndContextRendering",249,4.3941999850794673,0.659699983894825,0.47400000691413879,249
"Inl_DrawScreenSpaceUI",498,0.65939999587135389,0.65939999587135389,0.0031000000890344381,249
"TilemapRenderer.CountIndividualJob",518,0.65349999463069253,0.65349999463069253,0.003499999875202775,249
"Tilemap.Update()",2241,10.18289994927909,0.65289998203661526,0.19310000538825989,249
"Profiler.CollectLegacyStats",249,6.5696999710053205,0.64600000109930988,0.042700000107288361,249
"Assembly-CSharp.dll!Blindsided.Utilities::SlicedFilledImage.OnEnable() [Invoke]",122,0.64520000154152513,0.63620000176888425,0.0094999996945261955,249
"Animators.SortWriteJob",498,0.62509999801113736,0.62509999801113736,0.0041000000201165676,249
"UberPostProcess",249,0.67989999474957585,0.62179999586078338,0.018999999389052391,249
"Assembly-CSharp.dll!TimelessEchoes.Gear.UI::ForgeWindowUI.LateUpdate() [Invoke]",249,0.62200000423763413,0.60320000471256208,0.46790000796318054,249
"Instantiate",322,109.0649996465072,0.59510006279015215,1.0872000455856323,249
"Profiler.SerializeStats",249,0.59339999780058861,0.59339999780058861,0.0095999995246529579,249
"CullObjectsWithoutUmbra",668,0.5859999984386377,0.5859999984386377,0.0038999998942017555,249
"PlayerConnection.Poll",249,6.5833999458700418,0.57089997184812091,0.31889998912811279,249
"CullSceneDynamicObjects",668,1.1526999844063539,0.5666999859677162,0.0068999999202787876,249
"Inl_SetGlobalProperties",747,0.56589998962590471,0.56589998962590471,0.0066999997943639755,249
"PostLateUpdate.UpdateAllRenderers",249,10.087199924513698,0.55819998080551159,0.42919999361038208,249
"Inl_Setup Debug Properties",747,0.552099984313827,0.552099984313827,0.0060999998822808266,249
"PrepareSceneNodesSetUp",816,0.54999999693245627,0.54999999693245627,0.020999999716877937,249
"UnityEditor.CoreModule.dll!UnityEditor::MaterialEditor.ApplyMaterialPropertyDrawersFromNative() [Invoke]",8,0.58630000986158848,0.541500010760501,0.13590000569820404,249
"Director.SampleTime",249,0.54109999735374,0.54109999735374,0.015899999067187309,249
"SpeedTreeWindManager.UpdateGlobalAndLocalWinds",249,0.52820001047803089,0.52820001047803089,0.15350000560283661,249
"Unity.2D.Animation.Runtime.dll!UnityEngine.U2D.Animation::DeformationManagerUpdater.LateUpdate() [Invoke]",249,3.5609999857842922,0.52520001120865345,0.14190000295639038,249
"FixedBehaviourUpdate",258,0.824699997807329,0.52370000200608047,0.00800000037997961,249
"Assembly-CSharp.dll!Blindsided.Utilities::ScreenSafeArea.Update() [Invoke]",249,0.51870000094641,0.51870000094641,0.0043999999761581421,249
"UnityEngine.UI.dll!UnityEngine.UI::LayoutGroup.OnChildRectTransformDimensionsChange() [Invoke]",6410,0.51449999342730734,0.51449999342730734,0.11990000307559967,249
"PhysicsCore2D.PhysicsWorld.SimulateBatch",507,1.2459999913626234,0.50249999654624844,0.026499999687075615,249
"TMP Save Page Info",19396,0.49359998815634754,0.49359998815634754,0.011400000192224979,249
"Assembly-CSharp.dll!TimelessEchoes.Skills::SkillUIManager.DelayedUpdate() [Coroutine: MoveNext] [Invoke]",1,3.3055999279022217,0.49339992731984239,3.3055999279022217,249
"DelayedCallManager.CancelCallDelayed",1641,0.49289998922176892,0.49289998922176892,0.0046000001020729542,249
"WaitForRenderJobs",747,0.88530000774335349,0.48049999503564322,0.27020001411437988,249
"Unity.ResourceManager.dll!UnityEngine.ResourceManagement.Util::DelayedActionManager.LateUpdate() [Invoke]",249,0.48010000016074628,0.48010000016074628,0.0054000001400709152,249
"UnityEngine.IMGUIModule.dll!UnityEngine::Event.Internal_MakeMasterEventCurrent() [Invoke]",249,0.47419999889098108,0.47419999889098108,0.0058999997563660145,249
"Inl_Blit Color LUT",249,5.9079999718815088,0.47369999438524246,0.21449999511241913,249
"CanvasRenderer.SyncTransform",2340,0.47259998745721532,0.47259998745721532,0.002099999925121665,249
"UnityEngine.AccessibilityModule.dll!UnityEngine.Accessibility::AccessibilityManager.Internal_Update() [Invoke]",249,0.469599996577017,0.469599996577017,0.0071999998763203621,249
"UnityEngine.CoreModule.dll!UnityEngine.Experimental.Rendering::ScriptableRuntimeReflectionSystemWrapper.Internal_ScriptableRuntimeReflectionSystemWrapper_TickRealtimeProbes() [Invoke]",249,0.81039999518543482,0.4608999973279424,0.0093999998643994331,249
"InputSystem.onBeforeUpdate",249,0.45859999896492809,0.45859999896492809,0.0066999997943639755,249
"FrameEvents.NewInputBeforeRenderUpdate",249,1.2804000009782612,0.452300010016188,0.14740000665187836,249
"Animators.WriteJob",747,2.0762999836515519,0.44819998798629967,0.064999997615814209,249
"Inl_ALINE",747,8.5108999675139785,0.43950000312179327,0.16179999709129333,249
"PreUpdate.AIUpdate",249,0.63369999616406858,0.43579999968642369,0.024000000208616257,249
"Assembly-CSharp.dll!TimelessEchoes.Stats::GameplayStatTracker.Update() [Invoke]",249,0.4276000036043115,0.4276000036043115,0.133200004696846,249
"Physics.SyncTransforms",258,0.54989999445388094,0.42709999765065731,0.0046000001020729542,249
"UnityEngine.UI.dll!UnityEngine.UI::VerticalLayoutGroup..ctor() [Invoke]",295,0.45089999819174409,0.425499998847954,0.0065000001341104507,249
"PrepareUpdateRendererBoundingVolumes",1992,0.42019998945033876,0.42019998945033876,0.002099999925121665,249
"UnityEngine.UI.dll!UnityEngine.UI::Button..ctor() [Invoke]",393,0.5216999949188903,0.41889999730483396,0.0049000000581145287,249
"PostLateUpdate.RenderAs2DUpdate",249,0.40839999623131007,0.40839999623131007,0.03020000085234642,249
"Renderer2D Pass",747,4.56629995725234,0.40119999463786371,0.20029999315738678,249
"JobDebuggerFrameMaintenance",249,0.40009999775793403,0.40009999775793403,0.0030000000260770321,249
"PhysicsCore2D.DrawWorld",249,1.1340999966487288,0.40000000037252903,0.0092000002041459084,249
"TMP Save Processing States",1309,0.38869998438167386,0.38869998438167386,0.00139999995008111,249
"Assembly-CSharp.dll!Blindsided.Utilities::SlicedFilledImage.OnDisable() [Invoke]",122,0.3884999982547015,0.3884999982547015,0.0052000000141561031,249
"Inl_ScriptableRenderer.AddRenderPasses",747,0.38809999762452208,0.38809999762452208,0.013199999928474426,249
"Loading.ReadObject",244,0.38599999755388126,0.38599999755388126,0.011400000192224979,249
"UnityEngine.CoreModule.dll!UnityEngine::Application.InvokeOnBeforeRender() [Invoke]",249,0.38509999588131905,0.38509999588131905,0.0034000000450760126,249
"Drawing.dll!Pathfinding.Drawing::DrawingManager.Update() [Invoke]",249,0.38489999668672681,0.38489999668672681,0.0030000000260770321,249
"Assembly-CSharp.dll!TimelessEchoes.UI::CollectionsWindowUI.CustomYieldInstruction() [Coroutine: get_Current] [Invoke]",4861,0.3844999913344509,0.3844999913344509,0.0043999999761581421,249
"Assembly-CSharp.dll!TimelessEchoes::SlimeCombatTracker.Update() [Invoke]",249,0.38249999668914825,0.38249999668914825,0.0026000000070780516,249
"SetLightBlendTextures",747,0.37589999157353304,0.37589999157353304,0.00430000014603138,249
"UpdateRendererBoundingVolumes",650,0.37509999496978708,0.37509999496978708,0.0215000007301569,249
"Assembly-CSharp.dll!TimelessEchoes.Upgrades::RunBreakdownManager.Update() [Invoke]",249,0.36899999645538628,0.36899999645538628,0.0023000000510364771,249
"RenderingCommandBuffer.PrepareKeywords",1743,0.36459998971986352,0.36459998971986352,0.012600000016391277,249
"Initialization.AsyncUploadTimeSlicedUpdate",249,0.35119999622111209,0.35119999622111209,0.030700000002980232,249
"ReflectionProbes.Update",249,0.34949999785749242,0.34949999785749242,0.0060000000521540642,249
"UnityEngine.InputModule.dll!UnityEngineInternal.Input::NativeInputSystem.ProcessInputUpdate() [Invoke]",249,1.4376999931409955,0.34539999696426094,0.012500000186264515,249
"Assembly-CSharp.dll!TimelessEchoes.UI::CollectionsWindowUI.SelectionTimeoutRoutine() [Coroutine: MoveNext] [Invoke]",1646,0.39709999061597046,0.34099999198951991,0.0034000000450760126,249
"Inl_ScriptableRenderer.InternalFinishRenderingCommon",747,0.33839999971678481,0.33839999971678481,0.0019000000320374966,249
"TimeManager.Update",249,0.33429999661166221,0.33429999661166221,0.0030000000260770321,249
"Unity.Cinemachine.dll!Unity.Cinemachine::CinemachineBrain.OnGUI() [Invoke]",498,0.33399999618995935,0.33399999618995935,0.002899999963119626,249
"Camera.Render",747,0.33369999640854076,0.33369999640854076,0.0031999999191612005,249
"ReflectionProbeAnchorPositionUpdate",1494,0.33219998860295163,0.33219998860295163,0.082599997520446777,249
"ApplyPass.PrepareKeywords",8064,0.33149999195302371,0.33149999195302371,0.00139999995008111,249
"TMP Handle Vertical Line Breaking",9170,0.32309999240533216,0.32309999240533216,0.0027000000700354576,249
"UIElements.PreUpdatePanelRenderers",249,0.31999999540857971,0.31999999540857971,0.0037000000011175871,249
"UnityEngine.CoreModule.dll!UnityEngine.Rendering::RenderPipelineManager.HandleRenderPipelineChange() [Invoke]",498,0.31949999663629569,0.31949999663629569,0.002099999925121665,249
"QFSW.QC.UI.dll!QFSW.QC.UI::DynamicCanvasScaler.Update() [Invoke]",249,0.31899999582674354,0.31899999582674354,0.002899999963119626,249
"UnityEngine.UI.dll!UnityEngine.UI::HorizontalLayoutGroup..ctor() [Invoke]",278,0.34089999756542966,0.31469999822729733,0.0023000000510364771,249
"Assembly-CSharp.dll!Blindsided.Utilities::ScreenSafeArea.InitRatio() [Coroutine: MoveNext] [Invoke]",1,187.63821411132813,0.30600166320800781,187.63821411132813,249
"EarlyUpdate.PhysicsCore2DEarlyUpdate",249,0.79409999796189368,0.30480000405805185,0.0088999997824430466,249
"AstarPathfindingProject.dll!Pathfinding.Util::BatchedEvents.FixedUpdate() [Invoke]",258,0.30099999580124859,0.30099999580124859,0.002899999963119626,249
"LOD.ComputeLOD",1494,0.3745999904567725,0.29939999233465642,0.0019000000320374966,249
"PhysicsCore2D.DrawWorld.CompileDrawResults",249,0.29549999814480543,0.29549999814480543,0.0023000000510364771,249
"Inl_RenderPipeline.EndCameraRendering",747,0.29159999192052055,0.29159999192052055,0.0017000000225380063,249
"Physics.Simulate",258,0.49389999882259872,0.28600000001461012,0.17350000143051147,249
"Director.ProcessFrame",1761,38.801499959590728,0.28520006178587209,0.34130001068115234,249
"Graphics.DrawProcedural",1743,0.28499999137420673,0.28499999137420673,0.0020000000949949026,249
"Inl_UniversalRenderPipeline.GetPerObjectLightFlags",747,0.27529999292164575,0.27529999292164575,0.0017999999690800905,249
"PostLateUpdate.UpdateAudio",249,9.7556999791413546,0.2750000059386366,0.27500000596046448,249
"Assembly-CSharp.dll!TimelessEchoes.NpcGeneration::AlterEchoGenerator.OnDestroy() [Invoke]",61,0.29049999825656414,0.27439999866328435,0.027300000190734863,249
"UnityEngine.AccessibilityModule.dll!UnityEngine.Accessibility::AccessibilityManager.Internal_LateUpdate() [Invoke]",249,0.27230000036070123,0.27230000036070123,0.0049000000581145287,249
"PreLateUpdate.AccessibilityUpdate",249,0.73979999648872763,0.27019999991171062,0.0093999998643994331,249
"beforeCameraRender.Invoke",747,0.26699999404809205,0.26699999404809205,0.0019000000320374966,249
"UnityEngine.InputForUIModule.dll!UnityEngine.InputForUI::EventProvider.NotifyUpdate() [Invoke]",249,0.2657999990042299,0.2657999990042299,0.002199999988079071,249
"TilemapRenderer.PrepareChunkMode",1184,0.26569999304774683,0.26569999304774683,0.0015999999595806003,249
"EarlyUpdate.RendererNotifyInvisible",249,0.26350000035017729,0.26350000035017729,0.0027000000700354576,249
"Frame Tick",747,0.26019999213167466,0.26019999213167466,0.0017999999690800905,249
"CullResultsToNativeArrays",747,0.25729999245959334,0.25729999245959334,0.0017000000225380063,249
"AstarPathfindingProject.dll!Pathfinding.Util::BatchedEvents.Update() [Invoke]",249,0.25639999815030023,0.25639999815030023,0.002199999988079071,249
"Inl_UniversalRenderPipeline.GetMainLightIndex",747,0.25599999316909816,0.25599999316909816,0.003499999875202775,249
"EarlyUpdate.ExecuteMainThreadJobs",249,5.5848999409936368,0.25200002174824476,2.6916999816894531,249
"Assembly-CSharp.dll!TimelessEchoes::QuantumConsoleMobileActivator.Update() [Invoke]",249,0.25049999752081931,0.25049999752081931,0.0026000000070780516,249
"UIR.Free",249,0.24929999327287078,0.24929999327287078,0.047199998050928116,249
"PreLateUpdate.PhysicsCore2DLateUpdate",249,0.31029999686870724,0.24419999868405284,0.0046999999321997166,249
"FixedUpdate.PhysicsFixedUpdate",258,1.4652999932877719,0.24289999439497478,0.17880000174045563,249
"FixedUpdate.Physics2DFixedUpdate",258,0.59869999688817188,0.24249999952735379,0.004799999762326479,249
"TMP Handle Line Termination",2308,0.24239999451674521,0.24239999451674521,0.0024999999441206455,249
"UnityEngine.UI.dll!UnityEngine.EventSystems::UIBehaviour.Start() [Invoke]",4026,0.24039999426167924,0.24039999426167924,0.0026000000070780516,249
"UIElements.CollectLayoutNodes",249,0.23799999855691567,0.23799999855691567,0.0017000000225380063,249
"UnityEngine.PhysicsCore2DModule.dll!Unity.U2D.Physics::PhysicsWorldRenderer.SendDrawResults() [Invoke]",249,0.43859999813139439,0.23710000208666315,0.003499999875202775,249
"Assembly-CSharp.dll!Blindsided::Oracle.Update() [Invoke]",249,0.23629999841796234,0.23629999841796234,0.0027000000700354576,249
"ReflectionProbeAnchorManagerUpdate",1494,0.56649999981164,0.23430001120868837,0.08320000022649765,249
"AudioProfiler.CaptureFrame",249,0.23359999794047326,0.23359999794047326,0.0023999998811632395,249
"AstarPathfindingProject.dll!Pathfinding.Util::BatchedEvents.LateUpdate() [Invoke]",249,0.21889999791164882,0.21889999791164882,0.0040000001899898052,249
"Animators.WriteProperties",249,5.4054999614600092,0.21850000514677959,0.076899997889995575,249
"FixedUpdate.NewInputFixedUpdate",258,0.61359999865817372,0.21840000243537361,0.00930000003427267,249
"FrameEvents.XRBeginFrame",249,0.21679999650223181,0.21679999650223181,0.0019000000320374966,249
"PreLateUpdate.UIElementsUpdatePanels",249,2.1074999826960266,0.21649999311193824,0.055399999022483826,249
"PreUpdate.PhysicsUpdate",249,0.28569999750470743,0.21559999923920259,0.0030000000260770321,249
"TerrainManager.CullAllTerrains",747,0.28179999208077788,0.21369999379385263,0.0013000000035390258,249
"AnimationClipPlayable.EvaluateClip",273,0.21309999702498317,0.21309999702498317,0.020999999716877937,249
"PhysicsCore2D.PhysicsWorld.SyncInterpolation",200,0.30849999713245779,0.21079999872017652,0.0032999999821186066,249
"Release",747,0.21059999260614859,0.21059999260614859,0.0015999999595806003,249
"Inl_RenderPipeline.BeginContextRendering",249,0.20879999658791348,0.20879999658791348,0.0020000000949949026,249
"PxScene.simulate",258,0.2078999988079886,0.2078999988079886,0.0019000000320374966,249
"RenderTexture.GarbageCollectTemporary",498,0.20689999486785382,0.20689999486785382,0.0020000000949949026,249
"UnityEngine.PhysicsCore2DModule.dll!Unity.U2D.Physics::PhysicsEvents.InvokePreSimulate() [Invoke]",258,0.20279999859485542,0.20279999859485542,0.0020000000949949026,249
"GfxDeviceD3D12.WaitForLastPresentation",249,0.20229999625007622,0.20229999625007622,0.0023000000510364771,249
"UnityEngine.CoreModule.dll!UnityEngine.Rendering::OnDemandRendering.GetRenderFrameInterval() [Invoke]",249,0.20059999605291523,0.20059999605291523,0.0030000000260770321,249
"SpeedTreeWindManager.Update",249,0.72850000590551645,0.20029999542748556,0.15430000424385071,249
"UnityEngine.AIModule.dll!UnityEngine.AI::NavMesh.Internal_CallPreUpdateListeners() [Invoke]",249,0.19789999647764489,0.19789999647764489,0.002099999925121665,249
"Director.PrepareFrameJob",218,2.6089999750256538,0.19249998638406396,0.27149999141693115,249
"UnityEngine.CoreModule.dll!UnityEngine.Rendering::SupportedRenderingFeatures.IsUIOverlayRenderedBySRP() [Invoke]",249,0.18789999431464821,0.18789999431464821,0.002899999963119626,249
"UnityEngine.UI.dll!UnityEngine.EventSystems::UIBehaviour.OnRectTransformDimensionsChange() [Invoke]",3304,0.18739999542594887,0.18739999542594887,0.0017999999690800905,249
"Physics.Interpolation",449,0.18659999695955776,0.18659999695955776,0.0017000000225380063,249
"FixedUpdate.DirectorFixedUpdate",258,0.24289999742904911,0.18649999821354868,0.050400000065565109,249
"EarlyUpdate.ClearLines",249,0.18549999725655653,0.18549999725655653,0.0071000000461936,249
"PostLateUpdate.AccessibilityLateUpdate",249,0.45759999781148508,0.18529999745078385,0.0073000001721084118,249
"QFSW.QC.dll!QFSW.QC::QuantumConsole.LateUpdate() [Invoke]",249,0.18519999601994641,0.18519999601994641,0.0015999999595806003,249
"PostLateUpdate.PlayerUpdateCanvases",249,417.96960133314133,0.18470059093669988,53.059101104736328,249
"Physics2D.Simulate",258,0.35619999736081809,0.18430000099760946,0.0030000000260770321,249
"PostLateUpdate.ShaderHandleErrors",249,0.1828999943099916,0.1828999943099916,0.0094999996945261955,249
"PhysicsCore2D.DrawWorld.UpdateLifetimes",249,0.18079999677138403,0.18079999677138403,0.0020000000949949026,249
"PhysicsCore2D.PhysicsWorld.ProcessTransformWriteTweens",449,0.31909999923664145,0.17720000287226867,0.062300000339746475,249
"PreUpdate.InputForUIUpdate",249,0.4430000011343509,0.177200002130121,0.003599999938160181,249
"Profiler.CollectVideoStats",249,0.17599999671801925,0.17599999671801925,0.0142000000923872,249
"Inl_Sort Render Passes",747,0.17539999468863243,0.17539999468863243,0.0017999999690800905,249
"PlayerCleanupCachedData",249,0.40259999653790146,0.17400000110501423,0.0082000000402331352,249
"Profiler.CollectEditorStats",249,12.633799958974123,0.17370001971721649,0.29480001330375671,249
"Assembly-CSharp.dll!TimelessEchoes.NpcGeneration::AlterEchoGeneratorProgressUI.OnDestroy() [Invoke]",122,0.18009999732021242,0.17299999749957351,0.0031999999191612005,249
"CanvasUpdate.Prelayout",250,0.17199999577132985,0.17199999577132985,0.0087000001221895218,249
"Unity.Cinemachine.dll!Unity.Cinemachine::CinemachineVirtualCameraBase.Update() [Invoke]",249,0.17159999589785002,0.17159999589785002,0.0017000000225380063,249
"PostLateUpdate.UpdateAllSkinnedMeshes",249,0.17129999643657357,0.17129999643657357,0.0019000000320374966,249
"CheckAllowDestructionRecursive [Editor Only]",2895,0.5435999916808214,0.16860000132146524,0.0054999999701976776,249
"ClothManager.LateUpdate",249,0.24299999885261059,0.16850000080739846,0.0020000000949949026,249
"GlobalEventQueue",249,0.16809999509132467,0.16809999509132467,0.002199999988079071,249
"PhysicsCore2D.DrawWorlds.AddRenderCommands",249,0.16519999696174636,0.16519999696174636,0.0019000000320374966,249
"TMP.RegisterTextObjectForUpdate",610,0.16469999645050848,0.16469999645050848,0.0030000000260770321,249
"GarbageCollector.CollectIncremental",249,0.16199999768286943,0.16199999768286943,0.0017000000225380063,249
"Physics2D.CollectProfileInfo",249,0.16109999862965196,0.16109999862965196,0.002899999963119626,249
"FixedUpdate.PhysicsCore2DFixedUpdate",258,1.381999991950579,0.1601000000082422,0.027400000020861626,249
"PreUpdate.NewInputUpdate",249,4.6608999716117978,0.15850000828504562,0.044199999421834946,249
"Unity.RenderPipelines.Universal.2D.Runtime.dll!UnityEngine.Rendering.Universal::Light2D.LateUpdate() [Invoke]",249,0.15819999776431359,0.15819999776431359,0.00139999995008111,249
"PostLateUpdate.ProfilerEndFrame",249,0.15749999938998371,0.15749999938998371,0.0026000000070780516,249
"PhysicsCore2D.PhysicsWorld.WriteTransforms",258,0.15689999727328541,0.15689999727328541,0.021900000050663948,249
"Unity.Cinemachine.dll!Unity.Cinemachine::CinemachineBrain.AfterPhysics() [Coroutine: System.Collections.IEnumerator.get_Current] [Invoke]",258,0.1558999963090173,0.1558999963090173,0.01360000018030405,249
"FrameEvents.OnBeforeRenderCallback",249,0.54070000012870878,0.15560000424738973,0.00430000014603138,249
"PhysicsCore2D.PhysicsWorld.PreSimulate",258,0.35809999871707987,0.15530000012222445,0.0034000000450760126,249
"Mesh.AwakeFromLoad",610,0.2641999938787194,0.15479999667877564,0.012299999594688416,249
"UnsafeUtility.Malloc",249,0.15459999852464534,0.15459999852464534,0.0019000000320374966,249
"UnityEngine.UI.dll!UnityEngine.UI::Scrollbar.Update() [Invoke]",249,0.15319999819621444,0.15319999819621444,0.00089999998454004526,249
"Update.DirectorUpdate",249,0.2222999966761563,0.15309999842429534,0.0023999998811632395,249
"ClipperRegistry.Cull",250,0.1508999987563584,0.1508999987563584,0.0015999999595806003,249
"Assembly-CSharp.dll!TimelessEchoes.UI::CauldronWindowUI.LateUpdate() [Invoke]",249,0.15079999880981632,0.15079999880981632,0.0017000000225380063,249
"PreUpdate.Physics2DUpdate",249,0.15079999784938991,0.15079999784938991,0.0071000000461936,249
"PreUpdate.IMGUISendQueuedEvents",249,0.15049999850452878,0.15049999850452878,0.002099999925121665,249
"Initialization.SynchronizeInputs",249,0.14899999991757795,0.14899999991757795,0.0049000000581145287,249
"Profiler.FlushCounters",249,175.80909937620163,0.14489972876617685,1.0740000009536743,249
"PreUpdate.UpdateVideo",249,0.14459999967948534,0.14459999967948534,0.0017000000225380063,249
"Application.Integrate Assets in Background",249,0.89609999844105914,0.14430000506399665,0.026499999687075615,249
"PreLateUpdate.Physics2DLateUpdate",249,0.305099998076912,0.14399999944726005,0.0040000001899898052,249
"Update.ScriptRunBehaviourUpdate",249,627.23589944839478,0.14360016584396362,6.183499813079834,249
"Physics.PrepareSimulationStage",258,0.69349999743280932,0.14360000297892839,0.0052999998442828655,249
"PhysicsCore2D.PhysicsWorld.WriteTransformTweens",249,0.14189999636437278,0.14189999636437278,0.061799999326467514,249
"Graphics.Blit",34,0.28329999838024378,0.14179999949556077,0.012000000104308128,249
"PreLateUpdate.ConstraintManagerUpdate",249,0.23909999907482415,0.13850000139791518,0.002899999963119626,249
"GeneralConnection.Poll",249,0.18689999703201465,0.13809999828663422,0.002899999963119626,249
"PostLateUpdate.UpdateResolution",249,0.13789999927394092,0.13789999927394092,0.001500000013038516,249
"PostLateUpdate.VFXUpdate",249,0.1372999997693114,0.1372999997693114,0.00139999995008111,249
"Assembly-CSharp.dll!TimelessEchoes.NpcGeneration::AlterEchoGenerator.Awake() [Invoke]",61,0.15239999967161566,0.13700000006065238,0.010400000028312206,249
"CullSceneDynamicObjectsCombineJob",668,0.15719999517750693,0.13589999571559019,0.0026000000070780516,249
"Animator.PrepareAnimationEvents",273,0.13579999704234069,0.13579999704234069,0.004999999888241291,249
"UnityEngine.UI.dll!UnityEngine.UI::GridLayoutGroup..ctor() [Invoke]",132,0.14379999949596822,0.13499999971827492,0.0023000000510364771,249
"UIEvents.AlignCanvasRectTransformWithCamera",249,0.1337000006751623,0.1337000006751623,0.0010000000474974513,249
"EarlyUpdate.UnityWebRequestUpdate",249,0.13320000082603656,0.13320000082603656,0.0010999999940395355,249
"PostLateUpdate.UpdateVideoTextures",249,0.13199999935750384,0.13199999935750384,0.0013000000035390258,249
"PostLateUpdate.UpdateVideo",249,0.13189999885798898,0.13189999885798898,0.0013000000035390258,249
"PlayerLoop",747,2282.4901939179108,0.13160789663379546,227.93830871582031,249
"Loading.UpdatePreloading",249,1.1421999973244965,0.13119999854825437,0.027499999850988388,249
"Assembly-CSharp.dll!TimelessEchoes.UI::IntroScreenController.Update() [Invoke]",249,0.13029999897116795,0.13029999897116795,0.00079999997979030013,249
"UnityEngine.UI.dll!UnityEngine.UI::Selectable.OnDisable() [Invoke]",244,0.13899999849672895,0.12789999860979151,0.01549999974668026,249
"TMP Handle White Space & Control Character",2703,0.12349999741127249,0.12349999741127249,0.00089999998454004526,249
"CleanUp.TextRenderingGarbageCollect",249,0.12049999801092781,0.12049999801092781,0.00699999975040555,249
"UnityEngine.UI.dll!UnityEngine.EventSystems::UIBehaviour.Awake() [Invoke]",1952,0.11989999695651932,0.11989999695651932,0.00089999998454004526,249
"PostLateUpdate.TriggerEndOfFrameCallbacks",249,0.11979999850154854,0.11979999850154854,0.0034000000450760126,249
"PreLateUpdate.DirectorDeferredEvaluate",249,0.11959999959799461,0.11959999959799461,0.00079999997979030013,249
"Update.ScriptRunDelayedTasks",249,1.4146999856457114,0.1192999912891537,0.29789999127388,249
"EarlyUpdate.UpdateAsyncInstantiate",249,0.11759999778587371,0.11759999778587371,0.001500000013038516,249
"PostLateUpdate.UpdateCustomRenderTextures",249,0.83549999794922769,0.1163000010419637,0.01080000028014183,249
"Assembly-CSharp.dll!TimelessEchoes::DadJokeManager.Update() [Invoke]",249,0.11519999758456834,0.11519999758456834,0.001500000013038516,249
"UpdatePreloading",249,1.0109999987762421,0.114900000335183,0.027000000700354576,249
"PostLateUpdate.InputEndFrame",249,0.11429999797837809,0.11429999797837809,0.00079999997979030013,249
"FixedUpdate.DirectorFixedSampleTime",258,0.11350000066158827,0.11350000066158827,0.065700002014637,249
"Profiler.RequestScreenshot",17,0.28879999555647373,0.11289999610744417,0.02199999988079071,249
"Animators.FireAnimationEventsAndBehaviours",249,0.12499999871943146,0.11249999898427632,0.0023000000510364771,249
"Assembly-CSharp.dll!TimelessEchoes.Upgrades::RunResourceTrackerUI.Update() [Invoke]",249,0.11169999724370427,0.11169999724370427,0.0010000000474974513,249
"Canvas.RenderOverlays",249,0.11069999792380258,0.11069999792380258,0.0015999999595806003,249
"Mesh.CreateMesh",610,0.10939999719994375,0.10939999719994375,0.0031999999191612005,249
"updateScene.Invoke",249,0.19719999644439667,0.10889999840583187,0.0015999999595806003,249
"EarlyUpdate.UpdateInputManager",249,0.10809999800403602,0.10809999800403602,0.002199999988079071,249
"Assembly-CSharp.dll!TimelessEchoes.UI::CollectionsWindowUI.SelectionTimeoutRoutine() [Coroutine: System.Collections.IEnumerator.get_Current] [Invoke]",1646,0.10809999738557963,0.10809999738557963,0.0024999999441206455,249
"PhysicsCore2D.PhysicsWorld.PostSimulate",258,0.20729999942705035,0.10790000055567361,0.0026000000070780516,249
"gameObjectChangedScene.Invoke",322,0.10739999858924421,0.10739999858924421,0.0034000000450760126,249
"Assembly-CSharp.dll!Blindsided.Utilities::SlicedFilledImage..ctor() [Invoke]",122,0.13850000128149986,0.10590000211232109,0.0020000000949949026,249
"EarlyUpdate.PhysicsResetInterpolatedTransformPosition",249,1.3983999913107255,0.10519999662210466,0.01269999984651804,249
"Profiler.Collect2DStats",249,2.4702999880537391,0.10470000328496099,0.017999999225139618,249
"Assembly-CSharp.dll!TimelessEchoes::GameManager.RunButtonsUICoroutine() [Coroutine: MoveNext] [Invoke]",43,0.10299999895505607,0.10299999895505607,0.003599999938160181,249
"PreLateUpdate.LegacyAnimationUpdate",249,0.10059999791701557,0.10059999791701557,0.00089999998454004526,249
"PreLateUpdate.ScriptRunBehaviourLateUpdate",249,38.649599961936474,0.100100077688694,0.74220001697540283,249
"UnityEngine.PhysicsCore2DModule.dll!Unity.U2D.Physics::PhysicsEvents.InvokePostSimulate() [Invoke]",258,0.099399998871376738,0.099399998871376738,0.00089999998454004526,249
"UnityEngine.UI.dll!UnityEngine.EventSystems::UIBehaviour.OnDestroy() [Invoke]",1678,0.098099997638200875,0.098099997638200875,0.0023000000510364771,249
"EarlyUpdate.XRUpdate",249,0.097399997845059261,0.097399997845059261,0.0062000001780688763,249
"PreUpdate.PhysicsCore2DUpdate",249,0.31879999610828236,0.097399995283922181,0.063400000333786011,249
"Assembly-CSharp.dll!TimelessEchoes.Buffs::BuffManager.Update() [Invoke]",249,0.096599997152225114,0.096599997152225114,0.001500000013038516,249
"FixedUpdate.AudioFixedUpdate",258,0.91619999659451423,0.095699997888004873,0.0097000002861022949,249
"FixedUpdate.LegacyFixedAnimationUpdate",258,0.094699997564021032,0.094699997564021032,0.0074999998323619366,249
"PostLateUpdate.GUIClearEvents",249,0.094199998100521043,0.094199998100521043,0.00089999998454004526,249
"ParticleSystem.EndUpdateAll",747,0.094099997404555324,0.094099997404555324,0.00079999997979030013,249
"PostLateUpdate.UpdateRectTransform",249,0.24269999962416478,0.093500001210486516,0.026100000366568565,249
"EarlyUpdate.UpdateTextureStreamingManager",249,0.12389999936567619,0.093200000206707045,0.0010000000474974513,249
"PostLateUpdate.DirectorRenderImage",249,0.14219999777560588,0.09319999903527787,0.002099999925121665,249
"Assembly-CSharp.dll!TimelessEchoes.UI::TownWindowManager.PollCloseAllWindowsCoroutine() [Coroutine: MoveNext] [Invoke]",74,0.0930999998236075,0.0930999998236075,0.0024999999441206455,249
"ActionScheduler",249,2.0168999915476888,0.092499999795109034,0.24850000441074371,249
"ConstraintManager::Update",249,0.10059999767690897,0.091699997901741881,0.002199999988079071,249
"Profiler.CollectGIStats",249,0.091599997263983823,0.091599997263983823,0.0011999999405816197,249
"UnsafeUtility.Free",249,0.090099997141805943,0.090099997141805943,0.0019000000320374966,249
"EndGraphicsJobs",747,0.78919999815843767,0.089900003360526171,0.014499999582767487,249
"TextRendering.CollectGarbage",249,0.088299998038564809,0.088299998038564809,0.00079999997979030013,249
"Unity.Localization.dll!UnityEngine.Localization::LocalizationBehaviour.LateUpdate() [Invoke]",1,0.09790000319480896,0.088200002908706665,0.09790000319480896,249
"UnityEngine.UI.dll!UnityEngine.UI::LayoutElement..ctor() [Invoke]",733,0.087899997794011142,0.087899997794011142,0.00079999997979030013,249
"Initialization.XREarlyUpdate",249,0.085499997643637471,0.085499997643637471,0.00079999997979030013,249
"TilemapRenderer.CleanupIndividualJob",9,0.084499998949468136,0.084499998949468136,0.021199999377131462,249
"SetGlobalProperties",747,0.083699997216172051,0.083699997216172051,0.0013000000035390258,249
"PreUpdate.WindUpdate",249,0.811200002557598,0.082699996652081609,0.15459999442100525,249
"FixedUpdate.ScriptRunBehaviourFixedUpdate",258,0.90729999454924837,0.082599996741919313,0.00860000029206276,249
"Initialization.UpdateCameraMotionVectors",249,0.0824999975739047,0.0824999975739047,0.0015999999595806003,249
"Initialization.DirectorSampleTime",249,0.6220999991055578,0.081000001751817763,0.01640000008046627,249
"UnityEngine.UI.dll!UnityEngine.UI::Image.OnAfterDeserialize() [Invoke]",1197,0.080799998024303932,0.080799998024303932,0.000699999975040555,249
"EarlyUpdate.UpdateMainGameViewRect",249,0.079099998038145714,0.079099998038145714,0.013199999928474426,249
"NavMeshManager",249,0.078199997238698415,0.078199997238698415,0.0013000000035390258,249
"UIEvents.WillRenderCanvases",249,406.68760079145432,0.076004207134246826,52.995700836181641,249
"EarlyUpdate.ScriptRunDelayedStartupFrame",249,0.67999998934101313,0.075599983538268134,0.40799999237060547,249
"PostLateUpdate.SortingGroupsUpdate",249,0.0975999975198647,0.074799998081289232,0.00089999998454004526,249
"ClothScene.Update",249,0.074499998045212124,0.074499998045212124,0.0011999999405816197,249
"UnityEngine.UI.dll!UnityEngine.UI::Image.OnBeforeSerialize() [Invoke]",1197,0.073999998196086381,0.073999998196086381,0.000699999975040555,249
"Flush DSP connections",249,0.073999997242935933,0.073999997242935933,0.004999999888241291,249
"ScheduleUpdateRendererBoundingVolumes",249,1.1565999966114759,0.073499997146427631,0.015399999916553497,249
"PreLateUpdate.ParticleSystemBeginUpdateAll",249,1.03319999598898,0.0728999983984977,0.010400000028312206,249
"SoundManager.Update",249,0.071699997432006057,0.071699997432006057,0.000699999975040555,249
"EarlyUpdate.PerformanceAnalyticsUpdate",249,0.07159999774012249,0.07159999774012249,0.00059999997029080987,249
"ScheduleCullingGroups",747,0.07069999825762352,0.07069999825762352,0.0010999999940395355,249
"Profiler.FlushFileIOCounters",249,0.070499997993465513,0.070499997993465513,0.0010999999940395355,249
"PostLateUpdate.PhysicsSkinnedClothFinishUpdate",249,0.10629999781667721,0.06989999879442621,0.0011999999405816197,249
"Terrain.UpdateSplatProperties",747,0.068099998286925256,0.068099998286925256,0.0010999999940395355,249
"suspendPointHook.Invoke",249,0.067999998122104444,0.067999998122104444,0.00079999997979030013,249
"WaitForLastPresentation",249,8.7249001066957135,0.067600101829157211,2.822700023651123,249
"InputSystemPlayerLoopRunnerInitializationSystem",249,1.2299999927636236,0.067199999000877142,0.01119999960064888,249
"Renderers.OncePerFrameUpdate",249,0.09919999775593169,0.066599998572201,0.0011999999405816197,249
"RayTracingAccelerationStructureManager.Update",249,0.077699997709714808,0.0640999980532797,0.00089999998454004526,249
"FinalizeUpdateRendererBoundingVolumes",498,0.06339999838382937,0.06339999838382937,0.0010000000474974513,249
"Application.FlushRenderStats",249,0.062799998137052171,0.062799998137052171,0.00139999995008111,249
"Physics2D.SyncRigidbodyTransformChanges",258,0.077099997775803786,0.062399998147157021,0.001500000013038516,249
"EarlyUpdate.ClearIntermediateRenderers",249,0.061199998497613706,0.061199998497613706,0.00089999998454004526,249
"Update.ScriptRunDelayedDynamicFrameRate",249,383.71440063882619,0.0594875393435359,207.40190124511719,249
"PreLateUpdate.DirectorUpdateAnimationBegin",249,30.239899940788746,0.059200000017881393,0.37939998507499695,249
"Terrain.Trees.OnWillRender",747,0.058599998461431824,0.058599998461431824,0.0011999999405816197,249
"EarlyUpdate.SpriteAtlasManagerUpdate",249,0.057899998522771057,0.057899998522771057,0.00050000002374872565,249
"EarlyUpdate.PollPlayerConnection",249,6.6407999685034156,0.057400022633373737,0.31920000910758972,249
"FrameEvents.XREndFrame",249,0.057299998516100459,0.057299998516100459,0.0011999999405816197,249
"Assembly-CSharp.dll!TimelessEchoes.UI::CollectionsWindowUI.SectionUpdateCoalesce() [Coroutine: MoveNext] [Invoke]",44,0.05659999986528419,0.05619999987538904,0.0031000000890344381,249
"PostLateUpdate.XRPostLateUpdate",249,0.055699998585623689,0.055699998585623689,0.00059999997029080987,249
"FixedUpdate.PhysicsClothFixedUpdate",258,0.054099998174933717,0.054099998174933717,0.0013000000035390258,249
"Light2D Pass",249,0.075899997071246617,0.053699997566582169,0.00139999995008111,249
"EarlyUpdate.TilemapRendererEarlyUpdate",249,0.053599998776917346,0.053599998776917346,0.0017000000225380063,249
"UnityEngine.UI.dll!UnityEngine.UI::LayoutElement.OnDisable() [Invoke]",488,0.052299998635135125,0.052299998635135125,0.000699999975040555,249
"PreLateUpdate.DirectorUpdateAnimationEnd",249,21.024499896913767,0.052299940820375923,0.2906000018119812,249
"Initialization.SynchronizeState",249,0.051299998791364487,0.051299998791364487,0.0052000000141561031,249
"GameObject.Deactivate",558,4.1452999688626733,0.051099994481774047,0.164000004529953,249
"Setup Debug Properties",747,0.050599998838151805,0.050599998838151805,0.001500000013038516,249
"EarlyUpdate.UpdateAsyncReadbackManager",249,0.050199998579046223,0.050199998579046223,0.00059999997029080987,249
"EarlyUpdate.UpdateStreamingManager",249,0.049599998768826481,0.049599998768826481,0.001500000013038516,249
"CanvasRenderer.SyncClipRect",2340,0.04869999871152686,0.04869999871152686,0.0031999999191612005,249
"Assembly-CSharp.dll!TimelessEchoes.NpcGeneration::AlterEchoGeneratorProgressUI.Awake() [Invoke]",122,0.048499998869374394,0.048499998869374394,0.001500000013038516,249
"PostLateUpdate.ScriptRunDelayedDynamicFrameRate",249,27.757099633046892,0.046999954007333145,14.146599769592285,249
"PostLateUpdate.XRPreEndFrame",249,0.046399998900596984,0.046399998900596984,0.000699999975040555,249
"PostLateUpdate.DirectorLateUpdate",249,0.072299998108064756,0.045499998792365659,0.0010000000474974513,249
"CanvasUpdate.PostLayout",250,0.044899999251356348,0.044899999251356348,0.032099999487400055,249
"Update Lights",249,0.070799998269649222,0.043599998934951145,0.00139999995008111,249
"Physics2D.SyncTransformChanges",258,0.17189999636320863,0.042000000205007382,0.0020000000949949026,249
"EditorConnection.RefreshObservablePlayerList",249,0.04189999884692952,0.04189999884692952,0.00050000002374872565,249
"PreLateUpdate.AIUpdatePostScript",249,0.11859999923035502,0.040400001991656609,0.00139999995008111,249
"PreUpdate.SendMouseEvents",249,0.056599998162710108,0.038599998617428355,0.0013000000035390258,249
"UnityEngine.UI.dll!UnityEngine.UI::VerticalLayoutGroup.DelayedSetDirty() [Coroutine: MoveNext] [Invoke]",14,0.038399999350076541,0.038399999350076541,0.015699999406933784,249
"PostLateUpdate.PhysicsSkinnedClothBeginUpdate",249,0.28129999822704121,0.038299999374430627,0.002099999925121665,249
"Connections.Process",249,0.038099999015685171,0.038099999015685171,0.00050000002374872565,249
"UIEvents.CanvasManagerEmitOffScreenGeometry",249,0.16729999653762206,0.038099997633253224,0.0017999999690800905,249
"UnityEngine.UI.dll!UnityEngine.UI::Image.Start() [Coroutine: MoveNext] [Invoke]",6,0.037999999709427357,0.037799999714479782,0.008999999612569809,249
"Profiler.CollectUICanvasStats",249,0.037699999054893851,0.037699999054893851,0.00059999997029080987,249
"CombineJobResults",821,0.037699999018514063,0.037699999018514063,0.00029999998514540493,249
"EarlyUpdate.Physics2DEarlyUpdate",249,0.03739999914978398,0.03739999914978398,0.00079999997979030013,249
"EarlyUpdate.ResetFrameStatsAfterPresent",249,0.036499999019724783,0.036499999019724783,0.00059999997029080987,249
"ClothManager.UploadSimulatedSkinData",249,0.036399999022250995,0.036399999022250995,0.00050000002374872565,249
"PhysicsCore2D.DrawWorlds.WorldDrawEvent",249,0.036299999082984868,0.036299999082984868,0.00039999998989515007,249
"ParticleSystem.WaitForPreviousRenderingToFinish",249,0.035999999126943294,0.035999999126943294,0.00050000002374872565,249
"PostLateUpdate.ParticleSystemEndUpdateAll",249,0.1169999981939327,0.035900000453693792,0.0010000000474974513,249
"PreLateUpdate.EndGraphicsJobsAfterScriptUpdate",249,0.80689999525202438,0.035799996636342257,0.014700000174343586,249
"PostLateUpdate.BatchModeUpdate",249,0.035599999100668356,0.035599999100668356,0.00059999997029080987,249
"Physics.RunSimulationStage",258,0.52890000221668743,0.035000003394088708,0.1737000048160553,249
"EarlyUpdate.ProcessRemoteInput",249,0.88879999471828341,0.034199997084215283,0.0060000000521540642,249
"EarlyUpdate.DispatchEventQueueEvents",249,0.20209999644430354,0.03400000135297887,0.0023000000510364771,249
"Loading.IsObjectAvailable",262,0.03389999907813035,0.03389999907813035,0.0011999999405816197,249
"RenderTarget.GrabPixels",17,0.033599999966099858,0.033599999966099858,0.0026000000070780516,249
"UnityEngine.UI.dll!UnityEngine.UI::ContentSizeFitter.OnRectTransformDimensionsChange() [Invoke]",8,0.033299999311566353,0.033299999311566353,0.0068999999202787876,249
"SkinnedMeshOncePerFrameUpdate",249,0.032599999183730688,0.032599999183730688,0.00059999997029080987,249
"FixedUpdate.ScriptRunDelayedFixedFrameRate",258,13.529799562646076,0.0319994508754462,9.1267995834350586,249
"Physics.CalculateChangedColliderTransforms",258,0.081899997843720485,0.031799999414943159,0.0013000000035390258,249
"FixedUpdate.XRFixedUpdate",258,0.0317999991675606,0.0317999991675606,0.00050000002374872565,249
"TextureStreamingManager.Update",249,0.030699999158969149,0.030699999158969149,0.00039999998989515007,249
"TMP Handle Horizontal Line Breaking",325,0.030199999360775109,0.030199999360775109,0.000699999975040555,249
"PhysicsCore2D.TransformChanged",258,0.041999998764367774,0.029699999009608291,0.0010999999940395355,249
"Blit Color LUT",249,1.6820999919436872,0.029100002255290747,0.020800000056624413,249
"UnityEngine.UI.dll!UnityEngine.UI::Selectable.Awake() [Invoke]",244,0.02889999930630438,0.02889999930630438,0.00050000002374872565,249
"FixedUpdate.ClearLines",258,0.028599999219295569,0.028599999219295569,0.00059999997029080987,249
"Assembly-CSharp.dll!TimelessEchoes.NpcGeneration::AlterEchoGeneratorProgressUI..ctor() [Invoke]",122,0.028099999180994928,0.028099999180994928,0.00139999995008111,249
"Animator.WriteTransforms",209,0.026999999397958163,0.026999999397958163,0.0034000000450760126,249
"Physics2D.SyncColliderTransformChanges",258,0.052799998404225335,0.026599999000609387,0.00139999995008111,249
"EarlyUpdate.UpdatePreloading",249,1.1681999969296157,0.025999999605119228,0.027699999511241913,249
"TilemapRenderer.PrepareIndividualMode",249,30.281299874186516,0.025799974799156189,0.38260000944137573,249
"CullingGroupSendEvents",747,0.025599999346013647,0.025599999346013647,0.00029999998514540493,249
"Director.RegisterProcessFrameJobs",57,0.025299999455455691,0.025299999455455691,0.0017000000225380063,249
"RenderLoop.Prepare",4,0.047899999655783176,0.02479999978095293,0.013899999670684338,249
"PostLateUpdate.EndGraphicsJobsAfterScriptLateUpdate",249,0.037299999152310193,0.024699999470612966,0.00050000002374872565,249
"EarlyUpdate.PlayerCleanupCachedData",249,0.4427000000141561,0.024100001901388168,0.00839999970048666,249
"Assembly-CSharp.dll!References.UI::CostResourceUIReferences..ctor() [Invoke]",132,0.023399999430694152,0.023399999430694152,0.00079999997979030013,249
"EarlyUpdate.GpuTimestamp",249,0.022999999411695171,0.022999999411695171,0.00029999998514540493,249
"SortingGroupManager.Update",249,0.022799999438575469,0.022799999438575469,0.00050000002374872565,249
"Multiply",249,0.022199999504664447,0.022199999504664447,0.0010000000474974513,249
"FixedUpdate.DirectorFixedUpdatePostPhysics",258,0.033599999129364733,0.022199999417352956,0.00029999998514540493,249
"PhysicsCore2D.PhysicsWorld.Simulate.StepWorlds",258,0.021199999398959335,0.021199999398959335,0.00059999997029080987,249
"PreLateUpdate.PhysicsLateUpdate",249,0.021099999466969166,0.021099999466969166,0.00039999998989515007,249
"PostLateUpdate.ResetInputAxis",249,0.019399999502638821,0.019399999502638821,0.00039999998989515007,249
"Assembly-CSharp.dll!References.UI::AlterEchoGeneratedResourceUIReferences..ctor() [Invoke]",122,0.019199999587726779,0.019199999587726779,0.00050000002374872565,249
"Monobehaviour.OnMouse_",249,0.017999999545281753,0.017999999545281753,0.00019999999494757503,249
"TilemapRenderer.CombineIndividualJob",5,0.017799999797716737,0.017799999797716737,0.0052999998442828655,249
"Assembly-CSharp.dll!Blindsided.Utilities::SlicedFilledImage.UnityEngine.ISerializationCallbackReceiver.OnBeforeSerialize() [Invoke]",122,0.016399999782152008,0.016399999782152008,0.0041000000201165676,249
"Send messages",249,0.016299999537295662,0.016299999537295662,0.00039999998989515007,249
"Cleanup Unused Cached Data",249,0.41859999811276793,0.016000001574866474,0.0082000000402331352,249
"GetComponentNullErrorMessage",8,0.015899999649263918,0.015899999649263918,0.002899999963119626,249
"Assembly-CSharp.dll!Blindsided.Utilities::SlicedFilledImage.UnityEngine.ISerializationCallbackReceiver.OnAfterDeserialize() [Invoke]",122,0.0157999996226863,0.0157999996226863,0.00050000002374872565,249
"PreUpdate.CheckTexFieldInput",249,0.015699999676144216,0.015699999676144216,0.0010000000474974513,249
"Physics.CalculateChangedBodyTransforms",258,0.025299999353592284,0.015299999606213532,0.00039999998989515007,249
"Assembly-CSharp.dll!TimelessEchoes.UI::CollectionsWindowUI.UnlockMonitorLoop() [Coroutine: MoveNext] [Invoke]",7,0.01500000013038516,0.01500000013038516,0.0030000000260770321,249
"Texture.AwakeFromLoad",1,0.014600000344216824,0.014600000344216824,0.014600000344216824,249
"Assembly-CSharp.dll!TimelessEchoes.UI::TownWindowManager.PollCloseAllWindowsCoroutine() [Coroutine: System.Collections.IEnumerator.get_Current] [Invoke]",74,0.013199999695643783,0.013199999695643783,0.00050000002374872565,249
"SceneNodesInitJob",95,0.012699999671895057,0.012699999671895057,0.00029999998514540493,249
"Animator.FireAnimationEvents",249,0.012499999735155143,0.012499999735155143,0.001500000013038516,249
"Connections.Poll",249,0.010699999729695264,0.010699999729695264,0.00019999999494757503,249
"RenderLoop.Sort",4,0.018499999772757292,0.010599999688565731,0.0057999999262392521,249
"Unity.ResourceManager.dll!UnityEngine.ResourceManagement.Util::ComponentSingleton`1.OnDisable() [Invoke]",1,0.0097000002861022949,0.0096000002886285074,0.0097000002861022949,249
"Assembly-CSharp.dll!TimelessEchoes.Upgrades::CauldronManager.TasteTickCoroutine() [Coroutine: System.Collections.IEnumerator.get_Current] [Invoke]",43,0.0092999997723381966,0.0092999997723381966,0.00050000002374872565,249
"ConstraintManager::Update::JobSetup",249,0.008899999775167089,0.008899999775167089,0.00019999999494757503,249
"PostLateUpdate.UpdateCaptureScreenshot",249,0.0082999997903243639,0.0082999997903243639,0.00019999999494757503,249
"Physics.WriteRigidbodyPoses",258,0.0081999997928505763,0.0081999997928505763,9.9999997473787516E-05,249
"Director.HouseKeeping",4,0.037800000049173832,0.0077000007368042134,0.011400000192224979,249
"PrepareSceneNodesCombineJob",3,0.0077000002493150532,0.0077000002493150532,0.0040000001899898052,249
"Physics.WriteColliderPoses",258,0.0073999998130602762,0.0073999998130602762,9.9999997473787516E-05,249
"Animator.PostProcessGraphChanges",2,0.0064999999012798071,0.0064999999012798071,0.0032999999821186066,249
"Assembly-CSharp.dll!TimelessEchoes.NpcGeneration::AlterEchoGenerator..ctor() [Invoke]",61,0.0064999998357961886,0.0064999998357961886,0.0015999999595806003,249
"GameObject.Activate",95,0.24949999802629463,0.0062000000034458935,0.13729999959468842,249
"Assembly-CSharp.dll!TimelessEchoes::GameManager.RunButtonsUICoroutine() [Coroutine: System.Collections.IEnumerator.get_Current] [Invoke]",43,0.0054999998974381015,0.0054999998974381015,0.00050000002374872565,249
"Director.RegisterPrepareFrameJobs",19,0.0047999998569139279,0.0047999998569139279,0.000699999975040555,249
"Assembly-CSharp.dll!TimelessEchoes.NpcGeneration::AlterEchoGenerator.OnEnable() [Invoke]",61,0.0042999998913728632,0.0042999998913728632,0.00039999998989515007,249
"Assembly-CSharp.dll!TimelessEchoes.NpcGeneration::AlterEchoGenerator.OnDisable() [Invoke]",61,0.0039999998843995854,0.0039999998843995854,0.00059999997029080987,249
"UnityEngine.UI.dll!UnityEngine.UI::Image.OnDidApplyAnimationProperties() [Invoke]",1,0.0031999999191612005,0.0031999999191612005,0.0031999999191612005,249
"Assembly-CSharp.dll!References.UI::BuffRecipeUIReferences..ctor() [Invoke]",10,0.00319999989005737,0.00319999989005737,0.0011999999405816197,249
"UnityEngine.UI.dll!UnityEngine.UI::VerticalLayoutGroup.DelayedSetDirty() [Coroutine: System.Collections.IEnumerator.get_Current] [Invoke]",8,0.0025000000023283064,0.0025000000023283064,0.00050000002374872565,249
"TransformHandle.SetParent",50,0.0017000000298139639,0.0017000000298139639,0.0010000000474974513,249
"Assembly-CSharp.dll!TimelessEchoes.Quests::QuestManager.DelayedProgressUpdate() [Coroutine: MoveNext] [Invoke]",1,0.0017000000225380063,0.0017000000225380063,0.0017000000225380063,249
"webRequestStop.Invoke",3,0.0017000000225380063,0.0017000000225380063,0.000699999975040555,249
"Assembly-CSharp.dll!TimelessEchoes.UI::CollectionsWindowUI.SectionUpdateCoalesce() [Coroutine: System.Collections.IEnumerator.get_Current] [Invoke]",22,0.0016999999570543878,0.0016999999570543878,9.9999997473787516E-05,249
"Assembly-CSharp.dll!TimelessEchoes.UI::CollectionsWindowUI.UnlockMonitorLoop() [Coroutine: System.Collections.IEnumerator.get_Current] [Invoke]",7,0.0016999999497784302,0.0016999999497784302,0.00039999998989515007,249
"Assembly-CSharp.dll!TimelessEchoes.UI::ButtonClickSfx..ctor() [Invoke]",7,0.0013999999646330252,0.0013999999646330252,0.00079999997979030013,249
"webRequestStart.Invoke",3,0.00139999995008111,0.00139999995008111,0.000699999975040555,249
"UnityEngine.UI.dll!UnityEngine.UI::Mask..ctor() [Invoke]",7,0.0013000000035390258,0.0013000000035390258,0.00050000002374872565,249
"Assembly-CSharp.dll!References.UI::MilestoneEntryUIReferences..ctor() [Invoke]",7,0.0012999999526073225,0.0012999999526073225,0.00059999997029080987,249
"UnityEngine.UI.dll!UnityEngine.UI::Image.Start() [Coroutine: System.Collections.IEnumerator.get_Current] [Invoke]",3,0.0011999999987892807,0.0011999999987892807,0.00050000002374872565,249
"Assembly-CSharp.dll!TimelessEchoes::AchievementManager.DeferredCheck() [Coroutine: MoveNext] [Invoke]",1,0.0011999999405816197,0.0011999999405816197,0.0011999999405816197,249
"Assembly-CSharp.dll!TimelessEchoes.NpcGeneration::AlterEchoGeneratorUIManager.RunNextFrameRoutine() [Coroutine: System.Collections.IEnumerator.get_Current] [Invoke]",3,0.0010999999649357051,0.0010999999649357051,0.000699999975040555,249
"RenderTarget.SetActive",17,0.00049999998736893758,0.00049999998736893758,9.9999997473787516E-05,249
"Physics Used Memory",449,0,0,0,249
"Active Dynamic Bodies",449,0,0,0,249
"Active Kinematic Bodies",449,0,0,0,249
"Static Colliders",449,0,0,0,249
"Dynamic Bodies",698,0,0,0,249
"Articulation Bodies",449,0,0,0,249
"Active Constraints",449,0,0,0,249
"Overlaps",449,0,0,0,249
"Trigger Overlaps",649,0,0,0,249
"Discreet Overlaps",449,0,0,0,249
"Continuous Overlaps",449,0,0,0,249
"Modified Overlaps",449,0,0,0,249
"Colliders Synced",449,0,0,0,249
"Rigidbodies Synced",449,0,0,0,249
"Physics Queries",449,0,0,0,249
"Broadphase Adds/Removes",449,0,0,0,249
"Broadphase Adds",449,0,0,0,249
"Broadphase Removes",449,0,0,0,249
"Narrowphase Touches",449,0,0,0,249
"Narrowphase New Touches",449,0,0,0,249
"Narrowphase Lost Touches",449,0,0,0,249
"ScheduleJob",11516,0,0,0,249
"WaitForCompleted",10100,0,0,0,249
"BeginJob",8857,0,0,0,249
"EndJob",8857,0,0,0,249
"KickJobs",3992,0,0,0,249
"GfxResource.Register",499,0,0,0,249
"ScheduleAllocJob",1998,0,0,0,249
"Tilemaps rendered",249,0,0,0,249
"Tilemap Chunks rendered",249,0,0,0,249
"Tilemap Meshes rendered",249,0,0,0,249
"Sprites rendered",249,0,0,0,249
"SpriteAtlases rendered",249,0,0,0,249
"Global Illumination Support",249,0,0,0,249
"File Seeks",249,0,0,0,249
"Files Opened",249,0,0,0,249
"Files Closed",249,0,0,0,249
"File Bytes Written",249,0,0,0,249
"File Bytes Read",249,0,0,0,249
"File Reads Started",249,0,0,0,249
"File Reads Finished",249,0,0,0,249
"Other Reads",249,0,0,0,249
"Texture Reads",249,0,0,0,249
"Virtual Texture Reads",249,0,0,0,249
"Mesh Reads",249,0,0,0,249
"Audio Reads",249,0,0,0,249
"Scripting Reads",249,0,0,0,249
"Entities Reads",249,0,0,0,249
"Batches Count",249,0,0,0,249
"Draw Calls Count",249,0,0,0,249
"Vertices Count",249,0,0,0,249
"Indices Count",249,0,0,0,249
"Hierarchy Version Changes",249,0,0,0,249
"Repaint Version Changes",249,0,0,0,249
"VisualElement Count",249,0,0,0,249
"Event Count",249,0,0,0,249
"Pick All",249,0,0,0,249
"Runtime Bindings",249,0,0,0,249
"Update Style",249,0,0,0,249
"Update Layout",249,0,0,0,249
"Update Animation",249,0,0,0,249
"Prepare Render",249,0,0,0,249
"Render Panels",249,0,0,0,249
"Required Tiles",249,0,0,0,249
"Atlases",249,0,0,0,249
"Total CPU Cache Size",249,0,0,0,249
"Total GPU Cache Size",249,0,0,0,249
"Missing Disk Data",249,0,0,0,249
"Read From Disk",249,0,0,0,249
"Max Cache Mip Bias",249,0,0,0,249
"Max Cache Demand",249,0,0,0,249
"Missing Streaming Tiles",249,0,0,0,249
"Total Bodies",249,0,0,0,249
"Awake Bodies",249,0,0,0,249
"Asleep Bodies",249,0,0,0,249
"Kinematic Bodies",249,0,0,0,249
"Static Bodies",249,0,0,0,249
"Discrete Bodies",249,0,0,0,249
"Continuous Bodies",249,0,0,0,249
"Total Shapes",249,0,0,0,249
"Awake Shapes",249,0,0,0,249
"Asleep Shapes",249,0,0,0,249
"Dynamic Shapes",249,0,0,0,249
"Kinematic Shapes",249,0,0,0,249
"Static Shapes",249,0,0,0,249
"Total Contacts",249,0,0,0,249
"Added Contacts",249,0,0,0,249
"Removed Contacts",249,0,0,0,249
"Broadphase Updates",249,0,0,0,249
"Broadphase Pairs",249,0,0,0,249
"Total Callbacks",249,0,0,0,249
"Collision Enter",249,0,0,0,249
"Collision Stay",249,0,0,0,249
"Collision Exit",249,0,0,0,249
"Trigger Enter",249,0,0,0,249
"Trigger Stay",249,0,0,0,249
"Trigger Exit",249,0,0,0,249
"Total Queries",249,0,0,0,249
"Raycast Queries",249,0,0,0,249
"Shapecast Queries",249,0,0,0,249
"Overlap Queries",249,0,0,0,249
"IsTouching Queries",249,0,0,0,249
"GetContacts Queries",249,0,0,0,249
"Particle Queries",249,0,0,0,249
"Total Transform Sync Calls",249,0,0,0,249
"Transform Sync Bodies",249,0,0,0,249
"Transform Sync Colliders",249,0,0,0,249
"Transform Parent Sync Bodies",249,0,0,0,249
"Transform Parent Sync Colliders",249,0,0,0,249
"Solver World Count",249,0,0,0,249
"Solver Simulation Count",249,0,0,0,249
"Solver Discrete Islands",249,0,0,0,249
"Solver Continuous Islands",249,0,0,0,249
"Total Joints",249,0,0,0,249
"Physics Used Memory (2D)",249,0,0,0,249
"CPU Total Frame Time",249,0,0,0,249
"CPU Main Thread Frame Time",249,0,0,0,249
"CPU Render Thread Frame Time",249,0,0,0,249
"GPU Frame Time",249,0,0,0,249
"Catalogs",249,0,0,0,249
"Asset Bundles",249,0,0,0,249
"Assets",249,0,0,0,249
"Scenes",249,0,0,0,249
"Normal Textures",249,0,0,0,249
"Light Textures",249,0,0,0,249
"Shadow Textures",249,0,0,0,249
"Shadow Casters Draw Calls",249,0,0,0,249
"Shadow Triangles",249,0,0,0,249
"Light Batches",249,0,0,0,249
"Light Triangles",249,0,0,0,249
"SpriteSkin Processed (CPU)",249,0,0,0,249
"Vertices Processed (CPU)",249,0,0,0,249
"SpriteSkin Processed (GPU)",249,0,0,0,249
"Vertices Processed (GPU)",249,0,0,0,249
"Bones Transformed",249,0,0,0,249
"Reads in Flight",249,0,0,0,249
"File Handles Open",249,0,0,0,249
"System Used Memory",249,0,0,0,249
"System Total Used Memory",249,0,0,0,249
"App Resident Memory",249,0,0,0,249
"App Committed Memory",249,0,0,0,249
"Total Used Memory",249,0,0,0,249
"Total Reserved Memory",249,0,0,0,249
"GC Used Memory",249,0,0,0,249
"GC Reserved Memory",249,0,0,0,249
"Profiler Used Memory",249,0,0,0,249
"Profiler Reserved Memory",249,0,0,0,249
"Audio Used Memory",249,0,0,0,249
"Audio Reserved Memory",249,0,0,0,249
"Video Used Memory",249,0,0,0,249
"Video Reserved Memory",249,0,0,0,249
"Render Textures Count",249,0,0,0,249
"Render Textures Bytes",249,0,0,0,249
"Asset Count",249,0,0,0,249
"Scene Object Count",249,0,0,0,249
"Game Object Count",249,0,0,0,249
"GC Allocation In Frame Count",249,0,0,0,249
"GC Allocated In Frame",249,0,0,0,249
"Gfx Used Memory",249,0,0,0,249
"Gfx Reserved Memory",249,0,0,0,249
"Texture Memory",249,0,0,0,249
"Texture Count",249,0,0,0,249
"Mesh Memory",249,0,0,0,249
"Mesh Count",249,0,0,0,249
"Material Memory",249,0,0,0,249
"Material Count",249,0,0,0,249
"AnimationClip Memory",249,0,0,0,249
"AnimationClip Count",249,0,0,0,249
"AudioClip Memory",249,0,0,0,249
"AudioClip Count",249,0,0,0,249
"Object Count",249,0,0,0,249
"Sprite Count",249,0,0,0,249
"SpriteAtlas Count",249,0,0,0,249
"Object.Unregister",24404,0,0,0,249
"Object.Register",13224,0,0,0,249
"Component.SetGameObject",9710,0,0,0,249
"Object.SetName",1009,0,0,0,249
"TextureStreamingManager.RemoveTexture",2,0,0,0,249
"PlayerLoop.SceneRepaintDirty",1,0,0,0,249
