case,fixture,captured,review
01-skill-0,synthetic-unlocked,True,Reviewed contact sheet; presentation reference only.
01-skill-1,synthetic-unlocked,True,Reviewed contact sheet; presentation reference only.
01-skill-2,synthetic-unlocked,True,Reviewed contact sheet; presentation reference only.
01-skill-3,synthetic-unlocked,True,Reviewed contact sheet; presentation reference only.
01-skill-4,synthetic-unlocked,True,Reviewed contact sheet; presentation reference only.
01-skill-5,synthetic-unlocked,True,Reviewed contact sheet; presentation reference only.
02-forge-slot-Weapon,synthetic-unlocked,True,Reviewed contact sheet; presentation reference only.
02-forge-slot-Helmet,synthetic-unlocked,True,Reviewed contact sheet; presentation reference only.
02-forge-slot-Chest,synthetic-unlocked,True,Reviewed contact sheet; presentation reference only.
02-forge-slot-Boots,synthetic-unlocked,True,Reviewed contact sheet; presentation reference only.
03-forge-manual-result,synthetic-unlocked,True,Reviewed contact sheet; presentation reference only.
04-intro-countdown,synthetic-intro-presentation,True,Reviewed contact sheet; presentation reference only.
05-intro-ready,synthetic-intro-presentation,True,Reviewed contact sheet; presentation reference only.
06-run-transition,synthetic-unlocked,True,Reviewed contact sheet; presentation reference only.
07-run-gathering,synthetic-unlocked,True,Reviewed contact sheet; presentation reference only.
08-run-breakdown,synthetic-unlocked,True,Visible empty run breakdown; fixture run too short for resource rows.
09-run-return,synthetic-unlocked,True,Visible empty run breakdown; fixture run too short for resource rows.
10-populated-run-graph,synthetic-unlocked,True,Reviewed contact sheet; presentation reference only.
11-run-hover-breakdown,,False,"Failed capture: System.Exception: No recorded run bar"
12-recovery-Corrupt,synthetic-dialog-only-no-recovery-action,True,INVALID: recovery child panel was hidden. See final pass; no recovery action executed.
12-recovery-Unavailable,synthetic-dialog-only-no-recovery-action,True,INVALID: recovery child panel was hidden. See final pass; no recovery action executed.
12-recovery-UnsupportedNewer,synthetic-dialog-only-no-recovery-action,True,INVALID: recovery child panel was hidden. See final pass; no recovery action executed.
13-cleanup,synthetic-unlocked,True,Reviewed contact sheet; presentation reference only.
