name,calls,inclusive_ms,self_ms,max_ms,frames
"EditorLoop",876,5556.37083919998,5556.37083919998,362.173187255859,219
"Profiler.FlushMemoryCounters",219,151.497299730778,151.496599730759,1.04159998893738,219
"Assembly-CSharp.dll!TimelessEchoes.Upgrades::CauldronManager.TasteTickCoroutine() [Coroutine: MoveNext] [Invoke]",48,185.536604881287,143.024703182986,99.0879058837891,219
"Assembly-CSharp.dll!TimelessEchoes.Buffs::BuffUIManager.Update() [Invoke]",219,148.355799542507,138.393399572946,3.96269989013672,219
"GarbageCollector.CollectIncremental",219,142.382494415258,117.421993698095,75.480094909668,219
"Inl_On Record Render Graph",657,98.1146997064352,96.3375997290495,0.472600013017654,219
"CanvasUpdate.Layout",219,94.3100003867803,91.1076003927301,5.33230018615723,219
"WaitForJobGroupID",5672,99.9152994643955,78.1795996236106,0.356000006198883,219
"GC.Collect",2,64.6184024810791,64.6184024810791,39.657901763916,219
"Instantiate.Produce",366,70.0618997067213,54.5679998118358,0.562200009822845,219
"UnityEngine.UI.dll!UnityEngine.EventSystems::EventSystem.Update() [Invoke]",219,39.4783998280764,39.4783998280764,0.465299993753433,219
"Inl_RenderCameraStack",657,494.667699227808,23.469900914366,2.53220009803772,219
"UnityEngine.CoreModule.dll!UnityEngine.Serialization::SerializationBackendManagedCommands.SerializationBufferToObject() [Invoke]",15006,28.210399856689,20.0845999603844,0.316100001335144,219
"TilemapRenderer.DistributeJobs",393,21.0968999154866,20.0644999187207,0.345600008964539,219
"Unaccounted time between: Profiler.SessionMetadata and PlayerLoop",1,19.7343997955322,19.7343997955322,19.7343997955322,219
"Assembly-CSharp.dll!TimelessEchoes.Gear.UI::ForgeWindowUI.LateUpdate() [Invoke]",219,19.7514999066771,19.1131999226636,1.74329996109009,219
"EarlyUpdate.UpdateCanvasRectTransform",219,17.9707999788225,17.9707999788225,0.375400006771088,219
"Inl_NRPRGComp_ExecuteBeginRenderpassCommand",3066,16.831699934788,16.831699934788,0.307300001382828,219
"DrawScreenSpaceUI",438,27.5029998831451,15.1583999474533,0.319099992513657,219
"Profiler.CollectUIStats",219,14.4802999645472,14.4802999645472,0.326200008392334,219
"Unity.Cinemachine.dll!Unity.Cinemachine::CinemachineBrain.LateUpdate() [Invoke]",219,14.0721000060439,14.0721000060439,0.209199994802475,219
"PostLateUpdate.MemoryFrameMaintenance",219,14.0397999994457,14.0397999994457,0.566200017929077,219
"UIEvents.UpdateCanvasRectTransform",219,14.0359999500215,14.0053999498487,0.337700009346008,219
"Inl_UniversalRenderTotal",219,511.745598196983,12.7515990064712,3.48979997634888,219
"Inl_UniversalRenderPipeline.RenderSingleCameraInternal: BGCamera",219,94.2682999074459,11.63330015869,0.739499986171722,219
"Tilemap.UpdateTileAnimation()",1971,11.0221999661226,11.0221999661226,0.307399988174438,219
"Instantiate.Copy",366,46.6385998800397,10.9897001131176,0.398000001907349,219
"Inl_UniversalRenderPipeline.RenderSingleCameraInternal: Main Camera",219,199.34659922123,10.595499765157,1.47309994697571,219
"FindObjectsOfType",705,10.215299966163,10.215299966163,0.446299999952316,219
"TilemapRenderer.ScheduleIndividual",219,26.7010999396443,10.0508000301197,0.485100001096725,219
"UpdateScene",219,1098.81870687008,10.0432071124451,112.112701416016,219
"Inl_UniversalRenderPipeline.RenderSingleCameraInternal: UI Cam",219,91.3472995460033,9.75479981253739,0.73470002412796,219
"Assembly-CSharp.dll!TimelessEchoes::GameManager.Update() [Invoke]",219,10.122699911939,9.67619992262189,0.584100008010864,219
"Inl_ComputeHashRenderGraph",657,9.62009994965047,9.62009994965047,0.157600000500679,219
"BehaviourUpdate",219,251.667598038912,9.02189905887644,5.19980001449585,219
"Destroy",187,10.1266999607906,8.86799999123468,0.0861999988555908,219
"Assembly-CSharp.dll!TimelessEchoes.NpcGeneration::AlterEchoGeneratorUIManager.Update() [Invoke]",219,8.47699994780123,8.39469994993124,0.1891999989748,219
"ClipperRegistry.Cull",219,8.33539998158813,8.33539998158813,0.282900005578995,219
"Inl_NRPRGComp_ExecuteInitializeResources",6789,7.98709995669196,7.98709995669196,0.301600009202957,219
"SpriteRenderer.PrepareNode",1091,7.86249997884443,7.86249997884443,0.303700000047684,219
"Inl_ScriptableRenderContext.Submit",657,61.7652997560799,7.54459987553855,0.415499985218048,219
"Unity.TextMeshPro.dll!TMPro::TextMeshProUGUI..ctor() [Invoke]",1281,8.70159993623383,7.11599996779842,0.218099996447563,219
"Inl_UniversalRenderPipeline.InitializeAdditionalCameraData",876,7.09989995276555,7.09989995276555,0.209499999880791,219
"UnityEngine.CoreModule.dll!UnityEngine.Serialization::SerializationBackendManagedCommands.ObjectToSerializationBuffer() [Invoke]",15006,7.13169991755422,6.97289992151491,0.104599997401237,219
"GC.Alloc",178326,6.92029984676628,6.92029984676628,0.205200001597404,219
"CanvasUpdate.PreRender",219,15.1864999700338,6.89700003620237,0.778199970722198,219
"Inl_ScriptableRenderer.SetPerCameraShaderVariables",657,6.79589996207505,6.79589996207505,0.129600003361702,219
"Inl_NRPRGComp_ExecuteDestroyResources",6789,6.49989994327188,6.49989994327188,0.280400007963181,219
"Inl_CompileRenderGraph",657,6.48239997169003,6.48239997169003,0.153300002217293,219
"Main Thread",219,7395.52331638336,6.42659127245861,414.549194335938,219
"Inl_UniversalRenderPipeline.CreateCameraData",657,10.9085999503732,6.37889997754246,0.268500000238419,219
"GetComponentNullErrorWrapper",7869,6.86739991790819,6.34599993037409,0.0197000000625849,219
"Material.SetPassFast",7092,6.55339993676171,6.26909994397283,0.150999993085861,219
"RenderLoop.CleanupNodeQueue",2845,6.07179996534978,6.07179996534978,0.0412000007927418,219
"Assembly-CSharp.dll!TimelessEchoes.NpcGeneration::AlterEchoGenerationManager.Update() [Invoke]",219,6.13370002619922,5.99990002961567,0.395900011062622,219
"Inl_ExecuteRenderGraph",657,84.5570998266339,5.99560029487475,0.499500006437302,219
"TilemapRenderer.CameraBoundsCheck",1971,20.950699879555,5.77359997178428,0.324499994516373,219
"Submit Gizmos",657,5.74709997093305,5.74709997093305,0.156200006604195,219
"UnityEngine.CoreModule.dll!UnityEngine::AsyncOperation.InvokeCompletionEvent() [Invoke]",3,5.83769989013672,5.40809989954869,2.79089999198914,219
"UGUI.Rendering.EmitWorldScreenspaceCameraGeometry",438,5.32709997106576,5.32709997106576,0.164100006222725,219
"UnityEngine.CoreModule.dll!UnityEngine.Rendering::RenderPipelineManager.DoRenderLoop_Internal() [Invoke]",219,516.937797665596,5.19219946861267,3.52349996566772,219
"UnityEngine.UIModule.dll!UnityEngine::Canvas.SendWillRenderCanvases() [Invoke]",219,124.929299335927,5.16389937675558,6.22749996185303,219
"SpriteRenderer.OnChangeSprite",937,5.10599997243844,5.10599997243844,0.24549999833107,219
"Inl_CopyDepth",657,4.88469996419735,4.88469996419735,0.147599995136261,219
"Inl_BlitFinalToBackBuffer",438,4.87659996561706,4.87659996561706,0.158999994397163,219
"QFSW.QC.dll!QFSW.QC::QuantumConsole.Update() [Invoke]",219,4.81469996832311,4.81469996832311,0.155599996447563,219
"Cull 2D Lights and Shadow Casters",657,4.78619997901842,4.78619997901842,0.277300000190735,219
"Inl_ColorGradingLUT",219,4.77259997278452,4.77259997278452,0.274100005626678,219
"ExecuteRenderGraph",657,50.8603997640312,4.63379998513119,0.397599995136261,219
"Unity.ResourceManager.dll!::MonoBehaviourCallbackHooks.LateUpdate() [Invoke]",1533,4.82509996977751,4.55639997586695,0.29109999537468,219
"Inl_UniversalRenderPipeline.InitializeStackedCameraData",657,4.52969997283071,4.52969997283071,0.259299993515015,219
"Inl_RecordRenderGraph",657,102.787899591029,4.50549988984858,0.478500008583069,219
"QueuePrepareIntegrateMainThreadObjects",438,31.0845999270678,4.36089999228716,0.485700011253357,219
"Assembly-CSharp.dll!TimelessEchoes.NpcGeneration::AlterEchoGenerationManager.RunNextFrameRoutine() [Coroutine: MoveNext] [Invoke]",4,125.844900408876,4.18260072669364,42.3972015380859,219
"SceneCulling",657,26.1645998694003,4.14899999112822,0.31470000743866,219
"RenderPlayModeViewCameras",219,538.959196805954,4.12489920997905,3.74289989471436,219
"CopyDepth",657,4.38319997536018,4.06169998482801,0.0274999998509884,219
"CoroutinesDelayedCalls",1255,330.579901737889,3.98429653493804,99.1182022094727,219
"Inl_Setup Camera Properties",657,10.7725999364629,3.97669997438788,0.176100000739098,219
"CullScriptable",657,132.312899705023,3.85940013413347,0.900099992752075,219
"TMP.SetArraySizes",221,3.79969996912405,3.79969996912405,0.239199995994568,219
"UnityEngine.IMGUIModule.dll!UnityEngine::GUIUtility.BeginGUI() [Invoke]",438,6.45699999760836,3.79670002677449,0.17620000243187,219
"Inl_UniversalRenderPipeline.SetupPerCameraShaderConstants",657,3.75799997476861,3.75799997476861,0.0568000003695488,219
"Instantiate.Awake",366,3.71849997900426,3.71849997900426,0.035300001502037,219
"Inl_Renderer2D Pass",657,3.69779998250306,3.69779998250306,0.177300006151199,219
"UnityEngine.CoreModule.dll!UnityEngine::UnitySynchronizationContext.ExecuteTasks() [Invoke]",219,3.71870002569631,3.55760002679017,0.628000020980835,219
"UnityEngine.InputModule.dll!UnityEngineInternal.Input::NativeInputSystem.NotifyBeforeUpdate() [Invoke]",817,4.35469998007466,3.54619997847476,0.151299998164177,219
"PostUpdateScreenManagerAndInput",219,3.32629996398464,3.32629996398464,0.453900009393692,219
"Inl_UniversalRenderPipeline.CreateRenderingData",657,6.39969995850697,3.2863999686524,0.298599988222122,219
"Unity.Cinemachine.dll!Unity.Cinemachine::CinemachineBrain.AfterPhysics() [Coroutine: MoveNext] [Invoke]",379,3.28159998415504,3.28159998415504,0.0346000008285046,219
"AssetDatabase.GetAssetPathToGUIDV2",1314,3.27849997504381,3.27849997504381,0.0185000002384186,219
"AudioManager.Update",219,8.18249994330108,3.23789997026324,0.234899997711182,219
"DeformationManager.LateUpdate",219,3.15289998147637,3.11419998249767,0.262199997901917,219
"Setup Camera Properties",657,3.0569999802392,3.0569999802392,0.26570001244545,219
"EditorConnection.CheckForIncomingConnections",219,2.95689998706803,2.95689998706803,0.211799994111061,219
"Assembly-CSharp.dll!::CloudSpawner.Update() [Invoke]",219,2.92589998524636,2.92589998524636,0.0756999999284744,219
"VolumeManager.Update",657,2.86110001476482,2.86110001476482,0.292100012302399,219
"Inl_Initialize Frame",657,4.21199998445809,2.8122999870684,0.346500009298325,219
"RenderLoop.ScheduleDraw",876,6.29689996945672,2.69199999049306,0.307599991559982,219
"EditorConnection.PollAllCustomMessages",219,2.66700000269338,2.66700000269338,0.365900009870529,219
"LateBehaviourUpdate",219,51.3603998795152,2.62110003994167,1.8911999464035,219
"UnityEngine.CoreModule.dll!::UpdateFunction.Invoke() [Invoke]",438,2.61279998277314,2.61279998277314,0.0147000001743436,219
"Animators.PrepareFirstPass",219,2.57039998844266,2.57039998844266,0.0449000000953674,219
"UnityEngine.UI.dll!UnityEngine.UI::HorizontalOrVerticalLayoutGroup.Update() [Invoke]",15987,2.40079993902327,2.40079993902327,0.236599996685982,219
"UGUI.Rendering.UpdateBatches",219,131.351399734616,2.3618004207965,6.35209989547729,219
"Animators.ProcessGraphJob",219,10.5624999403954,2.36059998348355,0.24600000679493,219
"Animators.ProcessAnimationsJob",219,10.269199969247,2.32840001769364,0.292499989271164,219
"UnityEngine.UI.dll!UnityEngine.UI::Image..ctor() [Invoke]",1647,2.82589999283664,2.30480000559328,0.0188999995589256,219
"CullResults.CreateSharedRendererScene",657,49.7968999489676,2.29520009771659,0.558300018310547,219
"Inl_UpdateVolumeFramework",657,5.1426999932155,2.28159997845069,0.329800009727478,219
"UpdateScreenManagerAndInput",219,2.25879997527227,2.25879997527227,0.29229998588562,219
"GUI.Repaint",219,10.6159999445081,2.22769995183626,0.199100002646446,219
"Profiler2D.CaptureFrame",219,2.52709998935461,2.21379999632336,0.26350000500679,219
"Initialize Frame",657,2.17189998342656,2.17189998342656,0.183100000023842,219
"Canvas.BuildBatch",61,2.07389999553561,2.07389999553561,0.169900000095367,219
"AudioSource.Update",219,2.06169998832047,2.06169998832047,0.0132999997586012,219
"TilemapRenderer.CheckDirtyChunks",1971,7.5679999870481,2.04700004705228,0.154300004243851,219
"TransformChangeSystem",9826,2.28519996628893,2.02839996822149,0.136999994516373,219
"PrepareSceneNodes",657,1.97269998956472,1.97269998956472,0.147900000214577,219
"Audio.FMODSystemUpdate",219,2.88289998471737,1.93049999035429,0.0220999997109175,219
"Profiler.FlushCountersWithFlushOnEndOfFrame",219,1.8639999977313,1.8639999977313,0.0131000000983477,219
"Inl_UberPostProcess",219,1.85219998890534,1.85219998890534,0.164599999785423,219
"Idle",33,1.85069999143889,1.85069999143889,0.237000003457069,219
"Director.PrepareFrame",1853,12.2480999609106,1.8375999823329,0.317400008440018,219
"BlitFinalToBackBuffer",438,1.87959999544546,1.76449999801116,0.145600005984306,219
"Animators.Update",438,37.9674998894334,1.71060007343476,0.400200009346008,219
"QFSW.QC.UI.dll!QFSW.QC.UI::BlurShaderController.LateUpdate() [Invoke]",219,1.67109999526292,1.67109999526292,0.117899999022484,219
"Inl_ScriptableRenderer.SetupCullingParameters",657,6.42469996167347,1.63849998265505,0.279199987649918,219
"Assembly-CSharp.dll!TimelessEchoes.UI::SettingsPanelUI.Update() [Invoke]",219,1.65390000850311,1.62250000925997,0.392500013113022,219
"Profiler.CollectAudioStats",438,1.84619999001734,1.61909999116324,0.0154999997466803,219
"TMP GenerateText - Phase I",111,3.8282000022009,1.59880004751176,0.305000007152557,219
"EditorResources.Load",657,4.87699995515868,1.59849998011487,0.031300000846386,219
"UI.RenderOverlays",219,1.72859999118373,1.58019999376847,0.0221999995410442,219
"JobDebuggerFrameMaintenance",219,1.57549998973263,1.57549998973263,0.165399998426437,219
"Inl_Light2D Pass",219,1.57009999081492,1.57009999081492,0.0146000003442168,219
"UnityEngine.UIModule.dll!UnityEngine::Canvas.SendPreWillRenderCanvases() [Invoke]",219,1.5358999944292,1.5358999944292,0.0130000002682209,219
"Animator.WriteProperties",4380,6.94269995063223,1.529199980876,0.24600000679493,219
"UnityEngine.IMGUIModule.dll!UnityEngine::GUIUtility.SetSkin() [Invoke]",219,3.79039998818189,1.51330000534654,0.0522999987006187,219
"Inl_UniversalRenderPipeline.CreateShadowData",657,1.50739999685902,1.50739999685902,0.0175000000745058,219
"ColorGradingLUT",219,1.66229999717325,1.50120000085735,0.157900005578995,219
"Assembly-CSharp.dll!TimelessEchoes.Enemies::EnemyActivator.LateUpdate() [Invoke]",219,1.41590000339784,1.41590000339784,0.300599992275238,219
"Inl_ScriptableRenderer.ClearRenderingState",657,1.39969999738969,1.39969999738969,0.0179999992251396,219
"Find dependency chain",5672,1.36439998503192,1.36439998503192,0.300300002098083,219
"PrepareSceneCullingParameters",657,1.69819999020547,1.33699999966484,0.00999999977648258,219
"TMP GenerateText - Phase III",111,1.31299998471513,1.31299998471513,0.0423999987542629,219
"Animators.ApplyOnAnimatorMove",219,2.11829998902977,1.28110000953893,0.156499996781349,219
"Profiler.FrameMetadata",5719,1.26369997683651,1.26369997683651,0.032200001180172,219
"AnimatorControllerPlayable.PrepareFrame",181,1.24080000328831,1.24080000328831,0.164100006222725,219
"UnityEngine.IMGUIModule.dll!UnityEngine::GUIUtility.EndGUI() [Invoke]",438,1.2264999968902,1.2264999968902,0.154100000858307,219
"UnityEditor.CoreModule.dll!UnityEditor::Selection.Internal_NonSelectedObjectWasDestroyed() [Invoke]",16840,1.21089997050876,1.21089997050876,0.00430000014603138,219
"Assembly-CSharp.dll!TimelessEchoes.Upgrades::CauldronManager.CustomYieldInstruction() [Coroutine: MoveNext] [Invoke]",5188,1.18569997097802,1.18569997097802,0.00600000005215406,219
"UnityEngine.UIElementsModule.dll!UnityEngine.UIElements::UIElementsRuntimeUtilityNative.UpdatePanels() [Invoke]",219,1.88019999675453,1.14160000899574,0.141100004315376,219
"Inl_UniversalRenderPipeline.CreateLightData",657,1.3416999974288,1.13860000279965,0.0186999998986721,219
"EndRenderQueueExtraction",657,45.565099864456,1.13169996674696,0.548600018024445,219
"CustomRenderTextures.Update",219,1.12559999502264,1.12559999502264,0.0637999996542931,219
"Assembly-CSharp.dll!TimelessEchoes.NpcGeneration::AlterEchoCropGrowth.Update() [Invoke]",3723,1.10019997143536,1.10019997143536,0.00130000000353903,219
"TMP GenerateText - Phase II",111,1.07529999455437,1.07529999455437,0.0251000002026558,219
"Inl_RenderPipeline.BeginCameraRendering",657,1.05449999147095,1.05449999147095,0.00800000037997961,219
"UniversalRenderPipeline.RenderSingleCameraInternal: UI Cam",219,35.3595999628305,1.04430014640093,0.402399986982346,219
"Layout",219,95.7050001027528,1.03759972697299,5.35129976272583,219
"UniversalRenderPipeline.RenderSingleCameraInternal: Main Camera",219,10.2590999417007,1.0338999715168,0.354200005531311,219
"afterCullingOutputReady.Invoke",657,1.07229998963885,1.0261999909053,0.00559999980032444,219
"Profiler.CollectPhysicsStats",173,1.02139999484643,1.02139999484643,0.00920000020414591,219
"InputUpdate",219,1.01919999904931,1.01919999904931,0.0110999997705221,219
"ALINE",1314,7.18739994936186,1.01149999285553,0.158299997448921,219
"TilemapRenderer.CameraBoundsJob",2646,1.00059998704091,1.00059998704091,0.0366000011563301,219
"EarlyUpdate.InsightsUpdate",219,0.986299995332956,0.986299995332956,0.013399999588728,219
"PlayableOutput.PrepareFrame",181,2.1907999929972,0.949999989708886,0.218199998140335,219
"UniversalRenderPipeline.RenderSingleCameraInternal: BGCamera",219,8.52499997802079,0.946500006364658,0.228100001811981,219
"UnityEngine.CoreModule.dll!UnityEngine.Rendering::SupportedRenderingFeatures.IsLightmapBakeTypeSupportedByRef() [Invoke]",657,0.932399989338592,0.932399989338592,0.140100002288818,219
"BeginRenderQueueExtraction",657,1.00419999745645,0.909299999570067,0.00579999992623925,219
"EngineJob",6221,18.2503998681859,0.891499992547324,0.351999998092651,219
"PhysicsCore2D.DrawWorlds",219,2.91219998244196,0.890199983958155,0.156900003552437,219
"Audibility computation",219,0.952399994363077,0.890099996548088,0.010499999858439,219
"UnityEngine.UI.dll!UnityEngine.UI::Button..ctor() [Invoke]",549,1.06649999262299,0.888199996232288,0.0124000003561378,219
"Assembly-CSharp.dll!TimelessEchoes.UI::CollectionsWindowUI.SelectionTimeoutRoutine() [Coroutine: MoveNext] [Invoke]",2144,1.06299997650785,0.855499975899875,0.135999992489815,219
"Inl_DrawScreenSpaceUI",438,0.852899986086413,0.852899986086413,0.266799986362457,219
"TimeUpdate.WaitForLastPresentationAndUpdateTime",219,143.782896024175,0.841001616805443,75.4948959350586,219
"Animator.ApplyOnAnimatorMove",4380,0.837199979490833,0.837199979490833,0.0265999995172024,219
"AudioManager.FixedUpdate",379,0.820199995425355,0.820199995425355,0.00689999992027879,219
"UnityEngine.UI.dll!UnityEngine.UI::VerticalLayoutGroup..ctor() [Invoke]",366,0.845199994859286,0.800199995814182,0.00689999992027879,219
"Animator.ProcessGraph",194,1.06439998571295,0.796399986218603,0.145699992775917,219
"PlayerEndOfFrame",219,2.58010000502691,0.795100012772309,0.154300004243851,219
"Unity.ResourceManager.dll!::MonoBehaviourCallbackHooks.Update() [Invoke]",1533,0.78989998850011,0.78989998850011,0.00439999997615814,219
"FrameEvents.NewInputBeforeRenderUpdate",219,1.41609999444336,0.789299997268245,0.375900000333786,219
"Inl_SetLightBlendTextures",657,0.786099994118558,0.786099994118558,0.00659999996423721,219
"TMP Parse Text",221,4.58459998178296,0.784900012658909,0.246500000357628,219
"PhysicsCore2D.DrawWorlds.ExecuteRenderCommands (SRP)",219,0.789799996186048,0.772699996596202,0.0120999999344349,219
"Animator.ProcessAnimations",254,0.759899995638989,0.759899995638989,0.0209999997168779,219
"Assembly-CSharp.dll!Blindsided.Utilities::ScreenSafeArea.Update() [Invoke]",219,0.758699990692548,0.758699990692548,0.242499992251396,219
"DestroyCullResults",657,6.47379997640382,0.754700002871687,0.0425000004470348,219
"Assembly-CSharp.dll!::PixelGridSnap.LateUpdate() [Invoke]",219,0.748599997255951,0.748599997255951,0.00680000009015203,219
"Unity.TextMeshPro.dll!TMPro::TMP_InputField.LateUpdate() [Invoke]",657,0.745599990863411,0.745599990863411,0.00659999996423721,219
"ParticleSystem.Update",219,0.943199998466298,0.740600003780855,0.00719999987632036,219
"ProcessRemoteInput",219,0.744699997827411,0.73089999822696,0.00589999975636601,219
"Animators.SortWriteJob",438,0.721099993024836,0.721099993024836,0.151999995112419,219
"Profiler.CollectUIToolkitStats",219,0.719200000632554,0.719200000632554,0.00510000018402934,219
"InputSystem.onBeforeUpdate",219,0.706400004215539,0.706400004215539,0.139500007033348,219
"UnityEngine.UI.dll!UnityEngine.UI::HorizontalLayoutGroup..ctor() [Invoke]",366,0.735299996216781,0.693899997117114,0.0082999998703599,219
"Director.SampleTime",219,0.682499999646097,0.682499999646097,0.156800001859665,219
"Tilemap.Update()",1971,11.7036999180127,0.681499951890146,0.307599991559982,219
"DelayedCallManager.CancelCallDelayed",2144,0.663499983806105,0.663499983806105,0.00899999961256981,219
"Animators.PrepareSecondPass",219,0.659599998500198,0.659599998500198,0.00839999970048666,219
"Assembly-CSharp.dll!TimelessEchoes::AspectRatioBox.LateUpdate() [Invoke]",438,0.658299995717243,0.658299995717243,0.00469999993219972,219
"TilemapRenderer.ExecuteIndividualJob",165,0.655099998839432,0.655099998839432,0.0240000002086163,219
"CullObjectsWithoutUmbra",595,0.642799999703129,0.642799999703129,0.00310000008903444,219
"EarlyUpdate.AnalyticsCoreStatsUpdate",219,0.637899996014312,0.637899996014312,0.0044999998062849,219
"CheckAllowDestructionRecursive [Editor Only]",5124,1.96659998171526,0.636699994283845,0.00800000037997961,219
"CullSceneDynamicObjects",595,1.27749998689978,0.634699987196655,0.00600000005215406,219
"Gfx.EndAsyncJobFrame",661,1.14129999047145,0.631499997070932,0.0529999993741512,219
"TilemapRenderer.CountIndividualJob",496,0.631299994769506,0.631299994769506,0.00289999996311963,219
"Unity.2D.Animation.Runtime.dll!UnityEngine.U2D.Animation::DeformationManagerUpdater.LateUpdate() [Invoke]",219,3.78269998636097,0.629800004884601,0.264800012111664,219
"CullSendEvents",657,14.9625999382697,0.626400043067406,0.266099989414215,219
"UberPostProcess",219,0.675599995767698,0.625699997050106,0.00699999975040555,219
"Inl_UberPostSetupBloomPass",219,0.615399997681379,0.615399997681379,0.00490000005811453,219
"Inl_UniversalRenderPipeline.SetupPerFrameShaderConstants",219,0.614699996775016,0.614699996775016,0.0044999998062849,219
"Inl_RenderPipeline.EndContextRendering",219,3.52039996813983,0.608199985697865,0.159899994730949,219
"Assembly-CSharp.dll!TimelessEchoes.UI::QuestButtonIndicator.Update() [Invoke]",219,0.733499995432794,0.605699996325711,0.10419999808073,219
"Loading.ReadObject",366,0.596799993596505,0.596799993596505,0.0191999990493059,219
"Profiler.ScreenshotUpdate",219,1.34939999616472,0.592699997760064,0.0807999968528748,219
"Profiler.CollectLegacyStats",219,6.58989995159209,0.591799964749953,0.280499994754791,219
"ExecuteRenderQueueJob",216,8.63979995192494,0.578399978665402,0.351900011301041,219
"PostLateUpdate.UpdateAllRenderers",219,8.90379997529089,0.550900036883831,0.191599994897842,219
"Preload Single Step",219,0.55009999719914,0.55009999719914,0.0111999996006489,219
"PhysicsCore2D.DrawWorld",219,1.23220000229776,0.546100005682092,0.148200005292892,219
"PostLateUpdate.RenderAs2DUpdate",219,0.538100001926068,0.538100001926068,0.152500003576279,219
"PreUpdate.AIUpdate",219,0.709299997193739,0.531400000210851,0.147200003266335,219
"Animators.WriteJob",657,2.14629998826422,0.522199996223208,0.0392000004649162,219
"UnityEngine.CoreModule.dll!UnityEngine::Application.InvokeOnBeforeRender() [Invoke]",219,0.511699993512593,0.511699993512593,0.141499996185303,219
"Inl_Setup Debug Properties",657,0.509299986646511,0.509299986646511,0.0142000000923872,219
"FixedBehaviourUpdate",379,0.781499997472565,0.50730000063777,0.00820000004023314,219
"WaitForRenderJobs",657,0.50979999340052,0.506299993525317,0.0529000014066696,219
"Physics.SyncTransforms",379,0.998199992638547,0.498200000001816,0.217899993062019,219
"Profiler.SerializeStats",219,0.495999997365288,0.495999997365288,0.00340000004507601,219
"Inl_SetGlobalProperties",657,0.49439999263268,0.49439999263268,0.00289999996311963,219
"PrepareSceneNodesSetUp",802,0.489499997420353,0.489499997420353,0.00779999978840351,219
"FixedUpdate.DirectorFixedUpdate",379,0.508699992176844,0.468999993303441,0.295399993658066,219
"PrepareUpdateRendererBoundingVolumes",1752,0.465199991260306,0.465199991260306,0.0498999990522861,219
"TMP.GenerateText",111,6.68149994686246,0.464999965392053,0.32600000500679,219
"PhysicsCore2D.PhysicsWorld.SimulateBatch",598,1.29649998658715,0.464399994365522,0.123999997973442,219
"Camera.Render",657,0.451899998392037,0.451899998392037,0.0143999997526407,219
"Render",219,24.0603998564184,0.441699907532893,0.838199973106384,219
"Instantiate",366,120.937699690461,0.432600126609032,0.850600004196167,219
"UnityEngine.AccessibilityModule.dll!UnityEngine.Accessibility::AccessibilityManager.Internal_Update() [Invoke]",219,0.430599997169338,0.430599997169338,0.0111999996006489,219
"Inl_Blit Color LUT",219,5.19799997098744,0.42539999820292,0.276199996471405,219
"Unity.ResourceManager.dll!UnityEngine.ResourceManagement.Util::DelayedActionManager.LateUpdate() [Invoke]",219,0.421699999598786,0.421699999598786,0.00589999975636601,219
"Profiler.RequestScreenshot",15,0.599299998953938,0.416999999739346,0.0776000022888184,219
"UnityEngine.IMGUIModule.dll!UnityEngine::Event.Internal_MakeMasterEventCurrent() [Invoke]",219,0.414800001424737,0.414800001424737,0.00510000018402934,219
"UnityEngine.CoreModule.dll!UnityEngine.Experimental.Rendering::ScriptableRuntimeReflectionSystemWrapper.Internal_ScriptableRuntimeReflectionSystemWrapper_TickRealtimeProbes() [Invoke]",219,0.758999997982755,0.409099999931641,0.00730000017210841,219
"TMP Compute Text Metrics",1402,0.406799988129933,0.406799988129933,0.253899991512299,219
"CullResultsToNativeArrays",657,0.404199988319306,0.404199988319306,0.177499994635582,219
"Assembly-CSharp.dll!TimelessEchoes.UI::CollectionsWindowUI.CustomYieldInstruction() [Coroutine: get_Current] [Invoke]",4974,0.39249999113963,0.39249999113963,0.0143999997526407,219
"Inl_ALINE",657,7.53609995357692,0.372600003611296,0.158899992704391,219
"Renderer2D Pass",657,4.33039999485482,0.354200018220581,0.308800011873245,219
"Assembly-CSharp.dll!TimelessEchoes.Upgrades::RunBreakdownManager.Update() [Invoke]",219,0.351799996802583,0.351799996802583,0.0156999994069338,219
"ReflectionProbes.Update",219,0.349899998051114,0.349899998051114,0.00469999993219972,219
"RenderingCommandBuffer.PrepareKeywords",1533,0.348099991111667,0.348099991111667,0.00540000014007092,219
"Assembly-CSharp.dll!TimelessEchoes::SlimeCombatTracker.Update() [Invoke]",219,0.344799996702932,0.344799996702932,0.0031999999191612,219
"Drawing.dll!Pathfinding.Drawing::DrawingManager.Update() [Invoke]",219,0.337699997704476,0.337699997704476,0.00300000002607703,219
"Inl_ScriptableRenderer.AddRenderPasses",657,0.337399998767069,0.337399998767069,0.00150000001303852,219
"UnityEngine.InputModule.dll!UnityEngineInternal.Input::NativeInputSystem.ProcessInputUpdate() [Invoke]",219,1.35219999495894,0.332999995909631,0.0157999992370605,219
"SetLightBlendTextures",657,0.332399992650608,0.332399992650608,0.00179999996908009,219
"UnityEngine.CoreModule.dll!UnityEngine.Rendering::RenderPipelineManager.HandleRenderPipelineChange() [Invoke]",438,0.329399994283449,0.329399994283449,0.00230000005103648,219
"UnityEngine.UI.dll!UnityEngine.UI::GridLayoutGroup..ctor() [Invoke]",183,0.336399999505375,0.322799999856215,0.0142000000923872,219
"UpdateRendererBoundingVolumes",609,0.321999994223006,0.321999994223006,0.0143999997526407,219
"EarlyUpdate.PhysicsCore2DEarlyUpdate",219,0.894199998117983,0.321400003507733,0.100000001490116,219
"Profiler.FlushCounters",219,160.338099837303,0.31890015915269,1.10409998893738,219
"CanvasUpdate.Prelayout",219,0.318799989734543,0.318799989734543,0.150999993085861,219
"TMP Handle White Space & Control Character",136,0.314300002391974,0.314300002391974,0.292400002479553,219
"Initialization.AsyncUploadTimeSlicedUpdate",219,0.313499996787868,0.313499996787868,0.00970000028610229,219
"UnityEngine.UI.dll!UnityEngine.UI::Image.OnDidApplyAnimationProperties() [Invoke]",38,0.307499997317791,0.307499997317791,0.013399999588728,219
"UnityEngine.InputForUIModule.dll!UnityEngine.InputForUI::EventProvider.NotifyUpdate() [Invoke]",219,0.300899997295346,0.300899997295346,0.0573999993503094,219
"Graphics.DrawProcedural",1533,0.299499991888297,0.299499991888297,0.0020000000949949,219
"Inl_ScriptableRenderer.InternalFinishRenderingCommon",657,0.298400000552647,0.298400000552647,0.0015999999595806,219
"TimeManager.Update",219,0.296599996741861,0.296599996741861,0.00310000008903444,219
"UIElements.PreUpdatePanelRenderers",219,0.296099995146506,0.296099995146506,0.00209999992512167,219
"QFSW.QC.UI.dll!QFSW.QC.UI::DynamicCanvasScaler.Update() [Invoke]",219,0.292099994956516,0.292099994956516,0.00230000005103648,219
"TMP Save Glyph Vertex Data",1266,0.290799995040288,0.290799995040288,0.00370000000111759,219
"Unity.Cinemachine.dll!Unity.Cinemachine::CinemachineBrain.OnGUI() [Invoke]",438,0.28999999674852,0.28999999674852,0.00139999995008111,219
"Unity.Cinemachine.dll!Unity.Cinemachine::CinemachineVirtualCameraBase.Update() [Invoke]",219,0.284699991461821,0.284699991461821,0.12559999525547,219
"ApplyPass.PrepareKeywords",7092,0.284299992788874,0.284299992788874,0.000899999984540045,219
"PhysicsCore2D.DrawWorld.UpdateLifetimes",219,0.280999996350147,0.280999996350147,0.0958999991416931,219
"PhysicsCore2D.DrawWorld.CompileDrawResults",219,0.280399997544009,0.280399997544009,0.00239999988116324,219
"AstarPathfindingProject.dll!Pathfinding.Util::BatchedEvents.FixedUpdate() [Invoke]",379,0.274199996834795,0.274199996834795,0.00219999998807907,219
"Assembly-CSharp.dll!Blindsided.Utilities::SlicedFilledImage..ctor() [Invoke]",183,0.325699997949414,0.271599999308819,0.00810000021010637,219
"Assembly-CSharp.dll!TimelessEchoes.UI::CollectionsWindowUI.UnlockMonitorLoop() [Coroutine: MoveNext] [Invoke]",10,0.281299999216571,0.268199999547505,0.0555000007152557,219
"AnimationClipPlayable.EvaluateClip",194,0.26799999949435,0.26799999949435,0.140900000929832,219
"UIElements.CollectLayoutNodes",219,0.265999995812308,0.265999995812308,0.0480999983847141,219
"Director.ProcessFrame",1853,38.2684999857811,0.265800096538442,0.400400012731552,219
"Inl_RenderPipeline.EndCameraRendering",657,0.264599994858145,0.264599994858145,0.00109999999403954,219
"Inl_UniversalRenderPipeline.GetPerObjectLightFlags",657,0.264199995566742,0.264199995566742,0.00119999994058162,219
"EarlyUpdate.RendererNotifyInvisible",219,0.263299998943694,0.263299998943694,0.00270000007003546,219
"GfxDeviceD3D12.WaitForLastPresentation",219,0.262799995369278,0.262799995369278,0.0106999995186925,219
"Assembly-CSharp.dll!TimelessEchoes.Stats::GameplayStatTracker.Update() [Invoke]",219,0.25949999911245,0.25949999911245,0.00260000000707805,219
"LOD.ComputeLOD",1314,0.301099991978845,0.2475999933813,0.00170000002253801,219
"beforeCameraRender.Invoke",657,0.246399995012325,0.246399995012325,0.00119999994058162,219
"PlayerConnection.Poll",219,6.06999996583909,0.245199980243342,0.377499997615814,219
"EarlyUpdate.UpdateTextureStreamingManager",219,0.272199993371032,0.244499994114449,0.165199995040894,219
"Assembly-CSharp.dll!TimelessEchoes::QuantumConsoleMobileActivator.Update() [Invoke]",219,0.242699997965246,0.242699997965246,0.00989999994635582,219
"EarlyUpdate.ExecuteMainThreadJobs",219,7.65420002420433,0.239400144404499,2.80789995193481,219
"FixedUpdate.NewInputFixedUpdate",379,0.689599994380842,0.238199998129858,0.00870000012218952,219
"FixedUpdate.Physics2DFixedUpdate",379,0.60479999447125,0.235899996871012,0.0044999998062849,219
"Assembly-CSharp.dll!Blindsided::Oracle.Update() [Invoke]",219,0.23229999904288,0.23229999904288,0.00179999996908009,219
"PreLateUpdate.AccessibilityUpdate",219,0.662799996789545,0.232199999620207,0.0124000003561378,219
"Frame Tick",657,0.229499992754427,0.229499992754427,0.00100000004749745,219
"AudioProfiler.CaptureFrame",219,0.227099998854101,0.227099998854101,0.00209999992512167,219
"PostLateUpdate.UpdateAudio",219,8.46819992363453,0.225499982312613,0.23649999499321,219
"Physics.WriteRigidbodyPoses",379,0.224899995919259,0.224899995919259,0.217199996113777,219
"TMP Handle GPOS Features",1363,0.223999994967016,0.223999994967016,0.00119999994058162,219
"FixedUpdate.PhysicsFixedUpdate",379,1.69249999191379,0.222100000515638,0.218600004911423,219
"AstarPathfindingProject.dll!Pathfinding.Util::BatchedEvents.Update() [Invoke]",219,0.218199996626936,0.218199996626936,0.00170000002253801,219
"UnityEngine.PhysicsCore2DModule.dll!Unity.U2D.Physics::PhysicsEvents.InvokePostSimulate() [Invoke]",379,0.217499997852428,0.217499997852428,0.11879999935627,219
"TerrainManager.CullAllTerrains",657,0.277399994636653,0.216199996124487,0.00100000004749745,219
"ReflectionProbeAnchorPositionUpdate",1314,0.214399992204562,0.214399992204562,0.00059999997029081,219
"TextRendering.CollectGarbage",219,0.212799993838416,0.212799993838416,0.138799995183945,219
"TMP Lookup Character & Glyph Data",1402,0.212699994983268,0.212699994983268,0.00139999995008111,219
"PostLateUpdate.UpdateRectTransform",219,0.490999998495681,0.212000001760316,0.10809999704361,219
"UnityEngine.PhysicsCore2DModule.dll!Unity.U2D.Physics::PhysicsWorldRenderer.SendDrawResults() [Invoke]",219,0.405699999071658,0.209200003766455,0.00349999987520278,219
"PreLateUpdate.UIElementsUpdatePanels",219,2.08879998000339,0.20859998324886,0.142299994826317,219
"PreLateUpdate.PhysicsCore2DLateUpdate",219,0.266499997233041,0.208299998681468,0.00249999994412065,219
"PhysicsCore2D.PhysicsWorld.SyncInterpolation",173,0.291799998260103,0.20770000005723,0.0126000000163913,219
"Assembly-CSharp.dll!Blindsided.Utilities::RepeatButtonClick.Update() [Invoke]",657,0.205699994883616,0.205699994883616,0.00109999999403954,219
"SpeedTreeWindManager.UpdateGlobalAndLocalWinds",219,0.203799998853356,0.203799998853356,0.0119000002741814,219
"Inl_UniversalRenderPipeline.GetMainLightIndex",657,0.203099994629156,0.203099994629156,0.00109999999403954,219
"UnityEngine.CoreModule.dll!UnityEngine.Rendering::OnDemandRendering.GetRenderFrameInterval() [Invoke]",219,0.200299996125977,0.200299996125977,0.00849999953061342,219
"PxScene.simulate",379,0.199299997475464,0.199299997475464,0.00139999995008111,219
"Release",657,0.199299992818851,0.199299992818851,0.00100000004749745,219
"TilemapRenderer.PrepareChunkMode",912,0.198899994415115,0.198899994415115,0.00130000000353903,219
"PlayerCleanupCachedData",219,0.392299996339716,0.195400000171503,0.0399999991059303,219
"ReflectionProbeAnchorManagerUpdate",1314,0.409399999727611,0.195000007523049,0.00170000002253801,219
"Inl_RenderPipeline.BeginContextRendering",219,0.191199997789226,0.191199997789226,0.00150000001303852,219
"FrameEvents.XRBeginFrame",219,0.190299997047987,0.190299997047987,0.0015999999595806,219
"PreUpdate.PhysicsUpdate",219,0.248499997018371,0.189299998441129,0.00289999996311963,219
"UnityEngine.AccessibilityModule.dll!UnityEngine.Accessibility::AccessibilityManager.Internal_LateUpdate() [Invoke]",219,0.186999997909879,0.186999997909879,0.00340000004507601,219
"Unity.TextMeshPro.dll!TMPro::TextMeshProUGUI.OnRectTransformDimensionsChange() [Invoke]",14,0.182899999432266,0.182899999432266,0.0194000005722046,219
"UnityEngine.PhysicsCore2DModule.dll!Unity.U2D.Physics::PhysicsEvents.InvokePreSimulate() [Invoke]",379,0.181399998218694,0.181399998218694,0.0019000000320375,219
"EarlyUpdate.ClearLines",219,0.180599997547688,0.180599997547688,0.0015999999595806,219
"UnityEngine.AIModule.dll!UnityEngine.AI::NavMesh.Internal_CallPreUpdateListeners() [Invoke]",219,0.177899996982887,0.177899996982887,0.00119999994058162,219
"AstarPathfindingProject.dll!Pathfinding.Util::BatchedEvents.LateUpdate() [Invoke]",219,0.177399998006877,0.177399998006877,0.00150000001303852,219
"Physics2D.Simulate",379,0.368899997600238,0.17680000065593,0.00239999988116324,219
"RenderTexture.GarbageCollectTemporary",438,0.176599995102151,0.176599995102151,0.00109999999403954,219
"UIR.Free",219,0.176499996799976,0.176499996799976,0.0015999999595806,219
"PostLateUpdate.PlayerUpdateCanvases",219,145.764400176704,0.170000708312728,6.45830011367798,219
"FixedUpdate.PhysicsCore2DFixedUpdate",379,1.46049999364186,0.168600007084024,0.125,219
"PhysicsCore2D.PhysicsWorld.PreSimulate",379,0.349699997554126,0.168299999335431,0.0031999999191612,219
"Inl_Sort Render Passes",657,0.167699994744908,0.167699994744908,0.0007999999797903,219
"ClothManager.LateUpdate",219,0.228599998226855,0.16649999996298,0.00209999992512167,219
"gameObjectChangedScene.Invoke",366,0.165699997080083,0.165699997080083,0.00389999989420176,219
"SpeedTreeWindManager.Update",219,0.368899999535643,0.165100000682287,0.0125000001862645,219
"UnityEngine.CoreModule.dll!UnityEngine.Rendering::SupportedRenderingFeatures.IsUIOverlayRenderedBySRP() [Invoke]",219,0.164999995147809,0.164999995147809,0.00359999993816018,219
"TMP Handle Visible Character",1266,0.48079998868343,0.164699993569229,0.00380000006407499,219
"PreUpdate.InputForUIUpdate",219,0.46500000054948,0.164100003254134,0.0581000000238419,219
"Physics.Interpolation",392,0.16279999697872,0.16279999697872,0.00109999999403954,219
"PhysicsCore2D.DrawWorlds.AddRenderCommands",219,0.159999996249098,0.159999996249098,0.00119999994058162,219
"Profiler.CollectVideoStats",219,0.158299996663118,0.158299996663118,0.0020000000949949,219
"QFSW.QC.dll!QFSW.QC::QuantumConsole.LateUpdate() [Invoke]",219,0.156999996484956,0.156999996484956,0.00139999995008111,219
"Unity.RenderPipelines.Universal.2D.Runtime.dll!UnityEngine.Rendering.Universal::Light2D.LateUpdate() [Invoke]",219,0.156399996863911,0.156399996863911,0.00109999999403954,219
"PreUpdate.UpdateVideo",219,0.155899998499081,0.155899998499081,0.0268999990075827,219
"Assembly-CSharp.dll!TimelessEchoes.UI::CauldronWindowUI.LateUpdate() [Invoke]",219,0.155899997262168,0.155899997262168,0.0052000000141561,219
"Physics2D.CollectProfileInfo",219,0.155799998174189,0.155799998174189,0.00170000002253801,219
"PostLateUpdate.ProfilerEndFrame",219,0.155099998402875,0.155099998402875,0.00219999998807907,219
"PreUpdate.NewInputUpdate",219,4.78349997103214,0.154799989424646,0.157999992370605,219
"GameObject.Deactivate",436,0.152199998468859,0.152199998468859,0.102099999785423,219
"PhysicsCore2D.PhysicsWorld.ProcessTransformWriteTweens",392,0.223599998978898,0.152000001311535,0.00130000000353903,219
"Animators.WriteProperties",219,7.09469995042309,0.15199999979086,0.340499997138977,219
"PostLateUpdate.UpdateResolution",219,0.151600000157487,0.151600000157487,0.032200001180172,219
"PostLateUpdate.UpdateAllSkinnedMeshes",219,0.150999995850725,0.150999995850725,0.00109999999403954,219
"Animator.PrepareAnimationEvents",194,0.150899998458044,0.150899998458044,0.016100000590086,219
"PostLateUpdate.ShaderHandleErrors",219,0.150799995288253,0.150799995288253,0.00109999999403954,219
"TMP Save Processing States",396,0.149999994901009,0.149999994901009,0.00150000001303852,219
"PreUpdate.IMGUISendQueuedEvents",219,0.149499998136889,0.149499998136889,0.00150000001303852,219
"PostLateUpdate.TriggerEndOfFrameCallbacks",219,0.148899997613626,0.148899997613626,0.0443999990820885,219
"Canvas.RenderOverlays",219,0.148399997415254,0.148399997415254,0.00130000000353903,219
"PostLateUpdate.AccessibilityLateUpdate",219,0.332899997709319,0.14589999979944,0.00490000005811453,219
"Assembly-CSharp.dll!TimelessEchoes.UI::CollectionsWindowUI.SelectionTimeoutRoutine() [Coroutine: System.Collections.IEnumerator.get_Current] [Invoke]",2144,0.143599996423291,0.143599996423291,0.00359999993816018,219
"GlobalEventQueue",219,0.143599995877594,0.143599995877594,0.00100000004749745,219
"Profiler.CollectEditorStats",219,14.6226998977363,0.142399933189154,0.326799988746643,219
"UIEvents.AlignCanvasRectTransformWithCamera",219,0.139699996798299,0.139699996798299,0.00109999999403954,219
"Texture.AwakeFromLoad",9,0.139599999412894,0.139599999412894,0.033500000834465,219
"Update.DirectorUpdate",219,0.205199997348245,0.138499998800398,0.0044999998062849,219
"FrameEvents.OnBeforeRenderCallback",219,0.647000001510605,0.135300007998012,0.142000004649162,219
"UnityEngine.UI.dll!UnityEngine.UI::Image.OnAfterDeserialize() [Invoke]",1647,0.133299996516143,0.133299996516143,0.00479999976232648,219
"Initialization.SynchronizeInputs",219,0.132499998784624,0.132499998784624,0.00170000002253801,219
"PhysicsCore2D.PhysicsWorld.WriteTransforms",379,0.131699996745738,0.131699996745738,0.00119999994058162,219
"Unity.Cinemachine.dll!Unity.Cinemachine::CinemachineBrain.AfterPhysics() [Coroutine: System.Collections.IEnumerator.get_Current] [Invoke]",379,0.131299996486632,0.131299996486632,0.00119999994058162,219
"PreUpdate.Physics2DUpdate",219,0.130299998010742,0.130299998010742,0.0015999999595806,219
"CullSceneDynamicObjectsCombineJob",595,0.153499995423772,0.128699996057549,0.000699999975040555,219
"UnityEngine.UI.dll!UnityEngine.UI::Image.OnBeforeSerialize() [Invoke]",1647,0.128199997379852,0.128199997379852,0.00800000037997961,219
"PreLateUpdate.Physics2DLateUpdate",219,0.283499998855405,0.127700000681216,0.00279999990016222,219
"Physics.PrepareSimulationStage",379,1.12319999575266,0.12500000311411,0.217999994754791,219
"Profiler.Collect2DStats",219,2.65090000536293,0.123800016008317,0.263900011777878,219
"GeneralConnection.Poll",219,0.163199996677577,0.122899997710192,0.00279999990016222,219
"PreLateUpdate.ConstraintManagerUpdate",219,0.214099999167956,0.122100001157378,0.00219999998807907,219
"UnityEngine.UI.dll!UnityEngine.UI::LayoutElement..ctor() [Invoke]",915,0.122099996850011,0.122099996850011,0.000899999984540045,219
"Update.ScriptRunBehaviourUpdate",219,251.78959941864,0.122001379728317,5.20039987564087,219
"PostLateUpdate.VFXUpdate",219,0.121999998984393,0.121999998984393,0.00100000004749745,219
"UnsafeUtility.Malloc",219,0.120100000291131,0.120100000291131,0.00109999999403954,219
"Graphics.Blit",30,0.237799998838454,0.118699999919045,0.0115999998524785,219
"Assembly-CSharp.dll!TimelessEchoes.UI::IntroScreenController.Update() [Invoke]",219,0.118599999521393,0.118599999521393,0.00109999999403954,219
"Assembly-CSharp.dll!TimelessEchoes::GameManager.RunButtonsUICoroutine() [Coroutine: MoveNext] [Invoke]",48,0.118099998915568,0.118099998915568,0.00289999996311963,219
"Application.Integrate Assets in Background",219,0.738999997382052,0.115200001484482,0.0122999995946884,219
"EarlyUpdate.UnityWebRequestUpdate",219,0.113100000831764,0.113100000831764,0.00109999999403954,219
"PostLateUpdate.UpdateVideoTextures",219,0.11249999946449,0.11249999946449,0.00100000004749745,219
"Loading.UpdatePreloading",219,0.944499997771345,0.110400002566166,0.0131999999284744,219
"PostLateUpdate.UpdateVideo",219,0.109799997924711,0.109799997924711,0.000899999984540045,219
"Physics.Simulate",379,0.308399996021762,0.109099998546299,0.00289999996311963,219
"PreLateUpdate.DirectorDeferredEvaluate",219,0.108299999687006,0.108299999687006,0.000899999984540045,219
"EarlyUpdate.UpdateInputManager",219,0.108299998333678,0.108299998333678,0.00109999999403954,219
"PlayerLoop",657,1637.94648638123,0.108182706753723,112.112800598145,219
"PostLateUpdate.UpdateCustomRenderTextures",219,1.23329999437556,0.107699999352917,0.0641999989748001,219
"UnityEngine.UI.dll!UnityEngine.UI::LayoutGroup.OnTransformChildrenChanged() [Invoke]",549,0.107199997641146,0.107199997641146,0.00219999998807907,219
"PreLateUpdate.ScriptRunBehaviourLateUpdate",219,51.4673996418715,0.106999762356281,1.89199995994568,219
"TMP Calculate Vertices Position",1402,0.106499997440551,0.106499997440551,0.000899999984540045,219
"Assembly-CSharp.dll!TimelessEchoes::DadJokeManager.Update() [Invoke]",219,0.105499998200685,0.105499998200685,0.00100000004749745,219
"Animators.FireAnimationEventsAndBehaviours",219,0.114799998671515,0.104999998919084,0.00130000000353903,219
"CleanUp.TextRenderingGarbageCollect",219,0.104699998861179,0.104699998861179,0.00100000004749745,219
"updateScene.Invoke",219,0.316400000825524,0.103600006987108,0.139300003647804,219
"Assembly-CSharp.dll!TimelessEchoes.Buffs::BuffManager.Update() [Invoke]",219,0.103399997839006,0.103399997839006,0.014299999922514,219
"EarlyUpdate.UpdateAsyncInstantiate",219,0.102199997782009,0.102199997782009,0.00119999994058162,219
"Assembly-CSharp.dll!TimelessEchoes.UI::TownWindowManager.PollCloseAllWindowsCoroutine() [Coroutine: MoveNext] [Invoke]",80,0.10189999936847,0.10189999936847,0.00769999995827675,219
"PhysicsCore2D.PhysicsWorld.PostSimulate",379,0.318799998807663,0.101300000955234,0.119300000369549,219
"Assembly-CSharp.dll!TimelessEchoes.Upgrades::RunResourceTrackerUI.Update() [Invoke]",219,0.0997999975224957,0.0997999975224957,0.00119999994058162,219
"ParticleSystem.EndUpdateAll",657,0.0968999974647886,0.0968999974647886,0.0187999997287989,219
"CanvasUpdate.LatePreRender",219,0.096799997263588,0.096799997263588,0.00260000000707805,219
"PostLateUpdate.InputEndFrame",219,0.0964999983989401,0.0964999983989401,0.00100000004749745,219
"Update.ScriptRunDelayedTasks",219,3.81450002244674,0.0957999967504293,0.628600001335144,219
"TMP Save Text Extent",1371,0.0954999976238469,0.0954999976238469,0.00109999999403954,219
"FixedUpdate.AudioFixedUpdate",379,0.915499993468984,0.0952999980436289,0.00769999995827675,219
"UpdatePreloading",219,0.834099995205179,0.0950999978231266,0.012699999846518,219
"TMP Handle Line Termination",142,0.0886999987124,0.0886999987124,0.0020000000949949,219
"EarlyUpdate.PhysicsResetInterpolatedTransformPosition",219,1.21319999345724,0.0882000002093264,0.0109999999403954,219
"PostLateUpdate.GUIClearEvents",219,0.0873999980976805,0.0873999980976805,0.0007999999797903,219
"PreUpdate.PhysicsCore2DUpdate",219,0.225399996677879,0.0858999959018547,0.00239999988116324,219
"Initialization.UpdateCameraMotionVectors",219,0.0851999985607108,0.0851999985607108,0.00219999998807907,219
"Profiler.CollectGIStats",219,0.0848999977024505,0.0848999977024505,0.000899999984540045,219
"Profiler.SessionMetadata",28,0.0841999991171178,0.0841999991171178,0.0278999991714954,219
"ConstraintManager::Update",219,0.0919999980105786,0.0838999982152018,0.00139999995008111,219
"EarlyUpdate.XRUpdate",219,0.0832999985213974,0.0832999985213974,0.000899999984540045,219
"Initialization.XREarlyUpdate",219,0.0829999977868283,0.0829999977868283,0.0007999999797903,219
"PreLateUpdate.LegacyAnimationUpdate",219,0.0828999982550158,0.0828999982550158,0.000899999984540045,219
"EndGraphicsJobs",657,0.764099995270954,0.0812999990448589,0.0144999995827675,219
"TilemapRenderer.CleanupIndividualJob",9,0.0800000014714897,0.0800000014714897,0.0194000005722046,219
"InputSystemPlayerLoopRunnerInitializationSystem",219,1.26569998962805,0.0792999977711588,0.0151000004261732,219
"FixedUpdate.ScriptRunBehaviourFixedUpdate",379,0.860399994257023,0.0788999967844575,0.00870000012218952,219
"Renderers.OncePerFrameUpdate",219,0.111699997913092,0.0786999988704338,0.00109999999403954,219
"FixedUpdate.LegacyFixedAnimationUpdate",379,0.0781999981118133,0.0781999981118133,0.000699999975040555,219
"EarlyUpdate.ScriptRunDelayedStartupFrame",219,0.352499997767154,0.0780999989365228,0.00359999993816018,219
"PreUpdate.WindUpdate",219,0.444600000977516,0.0757000014418736,0.0128999995067716,219
"TMP Compute Character Advance",1402,0.0742999987051007,0.0742999987051007,0.000899999984540045,219
"UnsafeUtility.Free",219,0.0739999974757666,0.0739999974757666,0.00219999998807907,219
"suspendPointHook.Invoke",219,0.0736999986984301,0.0736999986984301,0.00100000004749745,219
"Initialization.DirectorSampleTime",219,0.755600002128631,0.0731000024825335,0.157100006937981,219
"GameObject.ActivateAwakeRecursively",53,0.0717999990447424,0.0717999990447424,0.00370000000111759,219
"SetGlobalProperties",657,0.0717999975968269,0.0717999975968269,0.000699999975040555,219
"EarlyUpdate.ClearIntermediateRenderers",219,0.0715999981039204,0.0715999981039204,0.000699999975040555,219
"PhysicsCore2D.PhysicsWorld.WriteTransformTweens",219,0.0715999976673629,0.0715999976673629,0.00059999997029081,219
"NavMeshManager",219,0.0689999978203559,0.0689999978203559,0.000699999975040555,219
"ActionScheduler",219,1.49499999452382,0.0686000036075711,0.0124000003561378,219
"Assembly-CSharp.dll!TimelessEchoes.UI::CollectionsWindowUI.SectionUpdateCoalesce() [Coroutine: MoveNext] [Invoke]",56,0.0696000001044013,0.0685000001321896,0.00260000000707805,219
"Profiler.FlushFileIOCounters",219,0.0679999980493449,0.0679999980493449,0.00139999995008111,219
"EarlyUpdate.PerformanceAnalyticsUpdate",219,0.0677999978652224,0.0677999978652224,0.00059999997029081,219
"ScheduleUpdateRendererBoundingVolumes",219,1.13749999227002,0.067699998151511,0.0210999995470047,219
"UIEvents.WillRenderCanvases",219,131.418699521571,0.0672997869551182,6.35279989242554,219
"PostLateUpdate.SortingGroupsUpdate",219,0.0896999981050612,0.0656999987259042,0.000899999984540045,219
"PreLateUpdate.ParticleSystemBeginUpdateAll",219,1.00849999953061,0.0653000010643154,0.00779999978840351,219
"Director.PrepareFrameJob",181,2.25589998532087,0.0650999923236668,0.218600004911423,219
"PostLateUpdate.DirectorRenderImage",219,0.107599998184014,0.0646999992532074,0.00170000002253801,219
"EarlyUpdate.UpdateMainGameViewRect",219,0.0641999982326524,0.0641999982326524,0.00109999999403954,219
"WaitForLastPresentation",219,0.0865999978414038,0.0633999984638649,0.0007999999797903,219
"Flush DSP connections",219,0.0622999978149892,0.0622999978149892,0.000699999975040555,219
"ClothScene.Update",219,0.062099998263875,0.062099998263875,0.000500000023748726,219
"Terrain.UpdateSplatProperties",657,0.0611999985121656,0.0611999985121656,0.000500000023748726,219
"ScheduleCullingGroups",657,0.0605999984109076,0.0605999984109076,0.000899999984540045,219
"Application.FlushRenderStats",219,0.0603999984450638,0.0603999984450638,0.000699999975040555,219
"SoundManager.Update",219,0.0601999980208348,0.0601999980208348,0.000699999975040555,219
"CanvasRenderer.SyncWorldRect",377,0.059799998307426,0.059799998307426,0.000699999975040555,219
"PostLateUpdate.PhysicsSkinnedClothFinishUpdate",219,0.0971999976900406,0.0596999983026762,0.00779999978840351,219
"Physics2D.SyncRigidbodyTransformChanges",379,0.0769999977492262,0.0575999982393114,0.0007999999797903,219
"RayTracingAccelerationStructureManager.Update",219,0.0712999979514279,0.0574999983000453,0.00109999999403954,219
"EarlyUpdate.UpdateStreamingManager",219,0.0570999986593961,0.0570999986593961,0.0007999999797903,219
"FinalizeUpdateRendererBoundingVolumes",438,0.0552999986684881,0.0552999986684881,0.000500000023748726,219
"FixedUpdate.PhysicsClothFixedUpdate",379,0.054899998496694,0.054899998496694,0.000699999975040555,219
"FrameEvents.XREndFrame",219,0.0544999985359027,0.0544999985359027,0.00059999997029081,219
"EarlyUpdate.TilemapRendererEarlyUpdate",219,0.0539999986212933,0.0539999986212933,0.00239999988116324,219
"EarlyUpdate.PollPlayerConnection",219,6.12259997054935,0.0526000047102571,0.377799987792969,219
"Update.ScriptRunDelayedDynamicFrameRate",219,315.522905207239,0.051503480412066,99.1192016601563,219
"Light2D Pass",219,0.068999997456558,0.0513999979011714,0.000699999975040555,219
"PreLateUpdate.DirectorUpdateAnimationBegin",219,28.5920999124646,0.0509000085294247,0.370900005102158,219
"PostLateUpdate.XRPostLateUpdate",219,0.0485999987140531,0.0485999987140531,0.00059999997029081,219
"PostLateUpdate.DirectorLateUpdate",219,0.0806999979104148,0.0483999987482093,0.00119999994058162,219
"Physics2D.SyncTransformChanges",379,0.192099996944307,0.048300001413736,0.00219999998807907,219
"PreLateUpdate.DirectorUpdateAnimationEnd",219,21.8261999040842,0.0468998795040534,0.400599986314774,219
"PostLateUpdate.ScriptRunDelayedDynamicFrameRate",219,10.2571999463544,0.0465999201405793,6.95790004730225,219
"EarlyUpdate.SpriteAtlasManagerUpdate",219,0.0462999988158117,0.0462999988158117,0.00059999997029081,219
"Terrain.Trees.OnWillRender",657,0.0460999987335526,0.0460999987335526,0.00039999998989515,219
"FixedUpdate.DirectorFixedSampleTime",379,0.0455999987971154,0.0455999987971154,0.000699999975040555,219
"EarlyUpdate.UpdateAsyncReadbackManager",219,0.0450999987879186,0.0450999987879186,0.00059999997029081,219
"Setup Debug Properties",657,0.0431999989596079,0.0431999989596079,0.00150000001303852,219
"Profiler.CollectUICanvasStats",219,0.0425999990984565,0.0425999990984565,0.00059999997029081,219
"Update Lights",219,0.0632999986337381,0.041999999237305,0.00760000012814999,219
"Assembly-CSharp.dll!TimelessEchoes.NpcGeneration::AlterEchoGeneratorProgressUI..ctor() [Invoke]",183,0.0419999988735071,0.0419999988735071,0.00270000007003546,219
"PreUpdate.SendMouseEvents",219,0.057299998254166,0.0403999986883719,0.0007999999797903,219
"PreLateUpdate.EndGraphicsJobsAfterScriptUpdate",219,0.788399997167289,0.0401000014971942,0.0147000001743436,219
"CombineJobResults",708,0.0390999989613192,0.0390999989613192,0.000299999985145405,219
"Physics.RunSimulationStage",379,0.347199997682765,0.0388000016610022,0.00289999996311963,219
"CanvasUpdate.PostLayout",219,0.0385999992649886,0.0385999992649886,0.0015999999595806,219
"EarlyUpdate.ResetFrameStatsAfterPresent",219,0.0382999991124962,0.0382999991124962,0.000500000023748726,219
"TMP Save Page Info",1402,0.0379999990327633,0.0379999990327633,0.000299999985145405,219
"TMP Parse Markup Text",105,0.0377999991178513,0.0377999991178513,0.000899999984540045,219
"EditorConnection.RefreshObservablePlayerList",219,0.0376999991567573,0.0376999991567573,0.000500000023748726,219
"ClothManager.UploadSimulatedSkinData",219,0.0374999993873644,0.0374999993873644,0.00730000017210841,219
"Initialization.SynchronizeState",219,0.0371999991039047,0.0371999991039047,0.000500000023748726,219
"PostLateUpdate.XRPreEndFrame",219,0.0371999990093173,0.0371999990093173,0.000500000023748726,219
"UIEvents.CanvasManagerEmitOffScreenGeometry",219,0.181499997677747,0.0367000009864569,0.0015999999595806,219
"PhysicsCore2D.DrawWorlds.WorldDrawEvent",219,0.0364999990561046,0.0364999990561046,0.000500000023748726,219
"PostLateUpdate.PhysicsSkinnedClothBeginUpdate",219,0.264899998495821,0.036300000268966,0.00249999994412065,219
"PostLateUpdate.BatchModeUpdate",219,0.0358999990276061,0.0358999990276061,0.00059999997029081,219
"Physics2D.SyncColliderTransformChanges",379,0.0667999979341403,0.0358999985764967,0.00209999992512167,219
"Physics.CalculateChangedColliderTransforms",379,0.225399997776549,0.0350000049365917,0.137299999594688,219
"FixedUpdate.DirectorFixedUpdatePostPhysics",379,0.0484999988257186,0.0339999991920195,0.00170000002253801,219
"RenderTarget.GrabPixels",15,0.033899999485584,0.033899999485584,0.00359999993816018,219
"FixedUpdate.ClearLines",379,0.0337999991388642,0.0337999991388642,0.00059999997029081,219
"PhysicsCore2D.TransformChanged",379,0.0535999985222588,0.033699999039527,0.00139999995008111,219
"PostLateUpdate.ParticleSystemEndUpdateAll",219,0.119399997493019,0.0335999997478211,0.0190999992191792,219
"SkinnedMeshOncePerFrameUpdate",219,0.0329999990426586,0.0329999990426586,0.000500000023748726,219
"FixedUpdate.ScriptRunDelayedFixedFrameRate",379,4.27499998011626,0.0325999916531146,0.0848999992012978,219
"Connections.Process",219,0.0322999991694815,0.0322999991694815,0.000500000023748726,219
"EarlyUpdate.Physics2DEarlyUpdate",219,0.0321999992229394,0.0321999992229394,0.00059999997029081,219
"FixedUpdate.XRFixedUpdate",379,0.0320999991963618,0.0320999991963618,0.000500000023748726,219
"Animator.WriteTransforms",280,0.0320999991381541,0.0320999991381541,0.00059999997029081,219
"Assembly-CSharp.dll!References.UI::AlterEchoGeneratedResourceUIReferences..ctor() [Invoke]",183,0.0319999992061639,0.0319999992061639,0.000699999975040555,219
"PhysicsCore2D.PhysicsWorld.Simulate.StepWorlds",379,0.0318999991141027,0.0318999991141027,0.00059999997029081,219
"Assembly-CSharp.dll!References.UI::CostResourceUIReferences..ctor() [Invoke]",183,0.0314999991387594,0.0314999991387594,0.0007999999797903,219
"PreLateUpdate.AIUpdatePostScript",219,0.0996999987983145,0.0307000009779586,0.000899999984540045,219
"EarlyUpdate.ProcessRemoteInput",219,0.774399996036664,0.029699998209253,0.00600000005215406,219
"Image.AllocateImageData",10,0.0284999998402782,0.0284999998402782,0.00510000018402934,219
"ParticleSystem.WaitForPreviousRenderingToFinish",219,0.0282999992850819,0.0282999992850819,0.000500000023748726,219
"EarlyUpdate.DispatchEventQueueEvents",219,0.171599996858276,0.0280000009806827,0.00109999999403954,219
"Director.RegisterProcessFrameJobs",60,0.027699999664037,0.027699999664037,0.00170000002253801,219
"TextureStreamingManager.Update",219,0.0276999992565834,0.0276999992565834,0.00039999998989515,219
"EarlyUpdate.UpdatePreloading",219,0.970999997458421,0.0264999996870756,0.0132999997586012,219
"TMP Handle Horizontal Line Breaking",330,0.02530000009574,0.02530000009574,0.0007999999797903,219
"PostLateUpdate.EndGraphicsJobsAfterScriptLateUpdate",219,0.0369999990216456,0.0246999993323698,0.000699999975040555,219
"SortingGroupManager.Update",219,0.0239999993791571,0.0239999993791571,0.000500000023748726,219
"Semaphore.WaitForSignal",222,0.0238999993962352,0.0238999993962352,0.000500000023748726,219
"Blit Color LUT",219,1.68559998460114,0.0232999874278903,0.158099994063377,219
"Assembly-CSharp.dll!Blindsided.Utilities::SlicedFilledImage.UnityEngine.ISerializationCallbackReceiver.OnBeforeSerialize() [Invoke]",183,0.0230999993873411,0.0230999993873411,0.00109999999403954,219
"EarlyUpdate.GpuTimestamp",219,0.0226999993974459,0.0226999993974459,0.00039999998989515,219
"TilemapRenderer.PrepareIndividualMode",219,26.7236999347806,0.022599995136261,0.485199987888336,219
"Assembly-CSharp.dll!Blindsided.Utilities::SlicedFilledImage.UnityEngine.ISerializationCallbackReceiver.OnAfterDeserialize() [Invoke]",183,0.0221999993955251,0.0221999993955251,0.000699999975040555,219
"PostLateUpdate.ResetInputAxis",219,0.019799999485258,0.019799999485258,0.00039999998989515,219
"EarlyUpdate.PlayerCleanupCachedData",219,0.424299999140203,0.0195000012172386,0.0401000007987022,219
"PreLateUpdate.PhysicsLateUpdate",219,0.0193999995317427,0.0193999995317427,0.000500000023748726,219
"Physics.CalculateChangedBodyTransforms",379,0.0337999991315883,0.0191999995004153,0.000299999985145405,219
"CullingGroupSendEvents",657,0.0188999995152699,0.0188999995152699,0.000299999985145405,219
"Multiply",219,0.0175999995553866,0.0175999995553866,0.000199999994947575,219
"Monobehaviour.OnMouse_",219,0.0168999995657941,0.0168999995657941,0.00039999998989515,219
"SceneNodesInitJob",113,0.0164999996195547,0.0164999996195547,0.000500000023748726,219
"UnityEngine.UI.dll!UnityEngine.UI::Graphic.OnRectTransformDimensionsChange() [Invoke]",14,0.0162000000127591,0.0162000000127591,0.0020000000949949,219
"Physics.WriteColliderPoses",379,0.015899999809335,0.015899999809335,0.00340000004507601,219
"UnityEngine.UI.dll!UnityEngine.UI::LayoutGroup.OnRectTransformDimensionsChange() [Invoke]",7,0.0157999999355525,0.0157999999355525,0.00260000000707805,219
"Send messages",219,0.013799999600451,0.013799999600451,0.000299999985145405,219
"PreUpdate.CheckTexFieldInput",219,0.0135999996564351,0.0135999996564351,9.99999974737875E-05,219
"Assembly-CSharp.dll!TimelessEchoes.UI::TownWindowManager.PollCloseAllWindowsCoroutine() [Coroutine: System.Collections.IEnumerator.get_Current] [Invoke]",80,0.0131999996883678,0.0131999996883678,0.000500000023748726,219
"TilemapRenderer.CombineIndividualJob",3,0.0127999996766448,0.0127999996766448,0.0044999998062849,219
"Cleanup Unused Cached Data",219,0.404799997922964,0.0125000015832484,0.0401000007987022,219
"Assembly-CSharp.dll!TimelessEchoes.Upgrades::CauldronManager.TasteTickCoroutine() [Coroutine: System.Collections.IEnumerator.get_Current] [Invoke]",48,0.0109999996348051,0.0109999996348051,0.00039999998989515,219
"Animator.FireAnimationEvents",219,0.00979999975243118,0.00979999975243118,0.000199999994947575,219
"Animator.PostProcessGraphChanges",3,0.00860000005923212,0.00860000005923212,0.00329999998211861,219
"ConstraintManager::Update::JobSetup",219,0.00809999979537679,0.00809999979537679,0.000199999994947575,219
"Connections.Poll",219,0.007999999797903,0.007999999797903,9.99999974737875E-05,219
"UnityEngine.UI.dll!UnityEngine.UI::LayoutGroup.OnChildRectTransformDimensionsChange() [Invoke]",21,0.00779999991937075,0.00779999991937075,0.00109999999403954,219
"Director.HouseKeeping",3,0.0351999998092651,0.00750000014522811,0.0119000002741814,219
"PostLateUpdate.UpdateCaptureScreenshot",219,0.00689999982569134,0.00689999982569134,0.000199999994947575,219
"Assembly-CSharp.dll!TimelessEchoes::GameManager.RunButtonsUICoroutine() [Coroutine: System.Collections.IEnumerator.get_Current] [Invoke]",48,0.00599999984842725,0.00599999984842725,0.000199999994947575,219
"CanvasRenderer.SyncTransform",28,0.00579999982437585,0.00579999982437585,0.00039999998989515,219
"RenderLoop.Prepare",2,0.00789999985136092,0.00419999985024333,0.00419999985024333,219
"GameObject.Activate",53,0.0757999989436939,0.0039999998989515,0.00389999989420176,219
"RenderLoop.Sort",2,0.00579999992623925,0.00349999987520278,0.00349999987520278,219
"UnityEngine.UI.dll!UnityEngine.EventSystems::UIBehaviour.OnRectTransformDimensionsChange() [Invoke]",14,0.00309999993623933,0.00309999993623933,0.000500000023748726,219
"Assembly-CSharp.dll!TimelessEchoes.UI::CollectionsWindowUI.SectionUpdateCoalesce() [Coroutine: System.Collections.IEnumerator.get_Current] [Invoke]",28,0.00259999993431848,0.00259999993431848,0.000199999994947575,219
"TransformHandle.SetParent",50,0.00199999995675171,0.00199999995675171,0.000899999984540045,219
"Assembly-CSharp.dll!TimelessEchoes.UI::CollectionsWindowUI.UnlockMonitorLoop() [Coroutine: System.Collections.IEnumerator.get_Current] [Invoke]",10,0.00189999994472601,0.00189999994472601,0.000299999985145405,219
"webRequestStop.Invoke",3,0.00159999993047677,0.00159999993047677,0.00059999997029081,219
"webRequestStart.Invoke",2,0.00149999995483086,0.00149999995483086,0.0007999999797903,219
"TextureStreamingManager.RemoveTexture",22,0.00119999996968545,0.00119999996968545,0.000199999994947575,219
"RenderTarget.SetActive",26,0.00119999996968545,0.00119999996968545,9.99999974737875E-05,219
"CanvasRenderer.SyncClipRect",28,0.000999999974737875,0.000999999974737875,9.99999974737875E-05,219
"Assembly-CSharp.dll!TimelessEchoes.NpcGeneration::AlterEchoGeneratorUIManager.RunNextFrameRoutine() [Coroutine: System.Collections.IEnumerator.get_Current] [Invoke]",1,0.00059999997029081,0.00059999997029081,0.00059999997029081,219
"PlayerLoop.SceneRepaintDirty",2,9.99999974737875E-05,9.99999974737875E-05,9.99999974737875E-05,219
"WaitForCompleted",9110,0,0,0,219
"Physics Used Memory",392,0,0,0,219
"Active Dynamic Bodies",392,0,0,0,219
"Active Kinematic Bodies",392,0,0,0,219
"Static Colliders",392,0,0,0,219
"Dynamic Bodies",611,0,0,0,219
"Articulation Bodies",392,0,0,0,219
"Active Constraints",392,0,0,0,219
"Overlaps",392,0,0,0,219
"Trigger Overlaps",565,0,0,0,219
"Discreet Overlaps",392,0,0,0,219
"Continuous Overlaps",392,0,0,0,219
"Modified Overlaps",392,0,0,0,219
"Colliders Synced",392,0,0,0,219
"Rigidbodies Synced",392,0,0,0,219
"Physics Queries",392,0,0,0,219
"Broadphase Adds/Removes",392,0,0,0,219
"Broadphase Adds",392,0,0,0,219
"Broadphase Removes",392,0,0,0,219
"Narrowphase Touches",392,0,0,0,219
"Narrowphase New Touches",392,0,0,0,219
"Narrowphase Lost Touches",392,0,0,0,219
"ScheduleJob",9877,0,0,0,219
"Object.Unregister",16840,0,0,0,219
"GfxResource.Unregister",4,0,0,0,219
"Object.Register",16856,0,0,0,219
"Component.SetGameObject",12993,0,0,0,219
"Object.SetName",377,0,0,0,219
"GfxResource.Register",162,0,0,0,219
"BeginJob",7508,0,0,0,219
"EndJob",7508,0,0,0,219
"KickJobs",3515,0,0,0,219
"ScheduleAllocJob",1763,0,0,0,219
"Tilemaps rendered",219,0,0,0,219
"Tilemap Chunks rendered",219,0,0,0,219
"Tilemap Meshes rendered",219,0,0,0,219
"Sprites rendered",219,0,0,0,219
"SpriteAtlases rendered",219,0,0,0,219
"Global Illumination Support",219,0,0,0,219
"File Seeks",219,0,0,0,219
"Files Opened",219,0,0,0,219
"Files Closed",219,0,0,0,219
"File Bytes Written",219,0,0,0,219
"File Bytes Read",219,0,0,0,219
"File Reads Started",219,0,0,0,219
"File Reads Finished",219,0,0,0,219
"Other Reads",219,0,0,0,219
"Texture Reads",219,0,0,0,219
"Virtual Texture Reads",219,0,0,0,219
"Mesh Reads",219,0,0,0,219
"Audio Reads",219,0,0,0,219
"Scripting Reads",219,0,0,0,219
"Entities Reads",219,0,0,0,219
"Batches Count",219,0,0,0,219
"Draw Calls Count",219,0,0,0,219
"Vertices Count",219,0,0,0,219
"Indices Count",219,0,0,0,219
"Hierarchy Version Changes",219,0,0,0,219
"Repaint Version Changes",219,0,0,0,219
"VisualElement Count",219,0,0,0,219
"Event Count",219,0,0,0,219
"Pick All",219,0,0,0,219
"Runtime Bindings",219,0,0,0,219
"Update Style",219,0,0,0,219
"Update Layout",219,0,0,0,219
"Update Animation",219,0,0,0,219
"Prepare Render",219,0,0,0,219
"Render Panels",219,0,0,0,219
"Required Tiles",219,0,0,0,219
"Atlases",219,0,0,0,219
"Total CPU Cache Size",219,0,0,0,219
"Total GPU Cache Size",219,0,0,0,219
"Missing Disk Data",219,0,0,0,219
"Read From Disk",219,0,0,0,219
"Max Cache Mip Bias",219,0,0,0,219
"Max Cache Demand",219,0,0,0,219
"Missing Streaming Tiles",219,0,0,0,219
"Total Bodies",219,0,0,0,219
"Awake Bodies",219,0,0,0,219
"Asleep Bodies",219,0,0,0,219
"Kinematic Bodies",219,0,0,0,219
"Static Bodies",219,0,0,0,219
"Discrete Bodies",219,0,0,0,219
"Continuous Bodies",219,0,0,0,219
"Total Shapes",219,0,0,0,219
"Awake Shapes",219,0,0,0,219
"Asleep Shapes",219,0,0,0,219
"Dynamic Shapes",219,0,0,0,219
"Kinematic Shapes",219,0,0,0,219
"Static Shapes",219,0,0,0,219
"Total Contacts",219,0,0,0,219
"Added Contacts",219,0,0,0,219
"Removed Contacts",219,0,0,0,219
"Broadphase Updates",219,0,0,0,219
"Broadphase Pairs",219,0,0,0,219
"Total Callbacks",219,0,0,0,219
"Collision Enter",219,0,0,0,219
"Collision Stay",219,0,0,0,219
"Collision Exit",219,0,0,0,219
"Trigger Enter",219,0,0,0,219
"Trigger Stay",219,0,0,0,219
"Trigger Exit",219,0,0,0,219
"Total Queries",219,0,0,0,219
"Raycast Queries",219,0,0,0,219
"Shapecast Queries",219,0,0,0,219
"Overlap Queries",219,0,0,0,219
"IsTouching Queries",219,0,0,0,219
"GetContacts Queries",219,0,0,0,219
"Particle Queries",219,0,0,0,219
"Total Transform Sync Calls",219,0,0,0,219
"Transform Sync Bodies",219,0,0,0,219
"Transform Sync Colliders",219,0,0,0,219
"Transform Parent Sync Bodies",219,0,0,0,219
"Transform Parent Sync Colliders",219,0,0,0,219
"Solver World Count",219,0,0,0,219
"Solver Simulation Count",219,0,0,0,219
"Solver Discrete Islands",219,0,0,0,219
"Solver Continuous Islands",219,0,0,0,219
"Total Joints",219,0,0,0,219
"Physics Used Memory (2D)",219,0,0,0,219
"CPU Total Frame Time",219,0,0,0,219
"CPU Main Thread Frame Time",219,0,0,0,219
"CPU Render Thread Frame Time",219,0,0,0,219
"GPU Frame Time",219,0,0,0,219
"Catalogs",219,0,0,0,219
"Asset Bundles",219,0,0,0,219
"Assets",219,0,0,0,219
"Scenes",219,0,0,0,219
"Normal Textures",219,0,0,0,219
"Light Textures",219,0,0,0,219
"Shadow Textures",219,0,0,0,219
"Shadow Casters Draw Calls",219,0,0,0,219
"Shadow Triangles",219,0,0,0,219
"Light Batches",219,0,0,0,219
"Light Triangles",219,0,0,0,219
"SpriteSkin Processed (CPU)",219,0,0,0,219
"Vertices Processed (CPU)",219,0,0,0,219
"SpriteSkin Processed (GPU)",219,0,0,0,219
"Vertices Processed (GPU)",219,0,0,0,219
"Bones Transformed",219,0,0,0,219
"Reads in Flight",219,0,0,0,219
"File Handles Open",219,0,0,0,219
"System Used Memory",219,0,0,0,219
"System Total Used Memory",219,0,0,0,219
"App Resident Memory",219,0,0,0,219
"App Committed Memory",219,0,0,0,219
"Total Used Memory",219,0,0,0,219
"Total Reserved Memory",219,0,0,0,219
"GC Used Memory",219,0,0,0,219
"GC Reserved Memory",219,0,0,0,219
"Profiler Used Memory",219,0,0,0,219
"Profiler Reserved Memory",219,0,0,0,219
"Audio Used Memory",219,0,0,0,219
"Audio Reserved Memory",219,0,0,0,219
"Video Used Memory",219,0,0,0,219
"Video Reserved Memory",219,0,0,0,219
"Render Textures Count",219,0,0,0,219
"Render Textures Bytes",219,0,0,0,219
"Asset Count",219,0,0,0,219
"Scene Object Count",219,0,0,0,219
"Game Object Count",219,0,0,0,219
"GC Allocation In Frame Count",219,0,0,0,219
"GC Allocated In Frame",219,0,0,0,219
"Gfx Used Memory",219,0,0,0,219
"Gfx Reserved Memory",219,0,0,0,219
"Texture Memory",219,0,0,0,219
"Texture Count",219,0,0,0,219
"Mesh Memory",219,0,0,0,219
"Mesh Count",219,0,0,0,219
"Material Memory",219,0,0,0,219
"Material Count",219,0,0,0,219
"AnimationClip Memory",219,0,0,0,219
"AnimationClip Count",219,0,0,0,219
"AudioClip Memory",219,0,0,0,219
"AudioClip Count",219,0,0,0,219
"Object Count",219,0,0,0,219
"Sprite Count",219,0,0,0,219
"SpriteAtlas Count",219,0,0,0,219
