scenario,frames,seconds,warmup_s,context,raw_frame_max_including_boundary,wall_median,wall_p95,wall_p99,wall_max,wall_mean,frame_median,frame_p95,frame_p99,frame_max,frame_mean,main_median,main_p95,main_p99,main_max,main_mean,playerloop_median,playerloop_p95,playerloop_p99,playerloop_max,playerloop_mean,behaviour_median,behaviour_p95,behaviour_p99,behaviour_max,behaviour_mean,gpu_median,gpu_p95,gpu_p99,gpu_max,gpu_mean,canvas_median,canvas_p95,canvas_p99,canvas_max,canvas_mean,gc_alloc_median,gc_alloc_p95,gc_alloc_p99,gc_alloc_max,gc_alloc_mean,gc_used_median,gc_used_p95,gc_used_p99,gc_used_max,gc_used_mean,memory_median,memory_p95,memory_p99,memory_max,memory_mean,drawcalls_median,drawcalls_p95,drawcalls_p99,drawcalls_max,drawcalls_mean,batches_median,batches_p95,batches_p99,batches_max,batches_mean,actual_seconds,sample_span_s,sampled_frames_per_s,gc_alloc_bytes_per_s,tastes_per_s,throughput_source,objects_before,objects_after,objects_delta,gameObjects_before,gameObjects_after,gameObjects_delta,mono_before,mono_after,mono_delta,allocated_before,allocated_after,allocated_delta,reserved_before,reserved_after,reserved_delta,gc0_before,gc0_after,gc0_delta,gc1_before,gc1_after,gc1_delta,gc2_before,gc2_after,gc2_delta,fps,vsync,width,height,map,CraftingMasteryLevel,CauldronEvaLevel,cards,resources,quests,histories,timeScale_start,timeScale_end,inRun_start,inRun_end,forgeAuto_start,forgeAuto_end,IsTasting_start,IsTasting_end,setup_action_ms
editor-cleanup,298,3.0,1.0,Editor,46.71600088477135,9.473299998717266,13.131659999999101,14.34898199855523,21.45869999731076,9.991542281873599,9.469051379710436,13.132279645651579,14.559884220361699,22.054705768823624,9.994523812260404,9.4998,12.721979999999993,14.280177999999998,30.0431,9.987859395973153,2.9374,5.866599999999997,6.688328999999999,7.3736,3.253621476510067,0.22454999999999997,3.0398549999999993,3.364776999999995,4.0621,0.5069744966442953,0.262656,0.30136319999999994,0.32767999999999997,0.3328,0.24546788255033555,0.0,0.0,0.0,0.0,0.0,16399.0,35568.0,35761.49999999988,185323.0,19413.489932885906,594100224.0,594788352.0,594845818.88,594853888.0,594128043.8120805,12054201843.0,12054968611.0,12055043402.76,12055055395.0,12054282920.560402,319.0,319.0,319.0,319.0,319.0,3.0,3.0,3.0,3.0,3.0,3.02868479999961,2.968481599997176,100.05115072981505,1942342.0074669148,0.0,not observed; save counters deliberately omitted,102752,102752,0,17916,17916,0,593383424,596787200,3403776,5526289047,5526537323,248276,8953307136,8953307136,0,1873,1873,0,1873,1873,0,1873,1873,0,-1,1,3840,2160,River,480,732,79,69,97,50,1.0,1.0,False,False,False,False,False,False,1140.2578
editor-closed-r1,1238,15.0,5.0,Editor,138.83930444717407,10.46669999959704,22.371919999932285,24.80344400057216,28.10019999742508,12.092963085622538,10.667148511856794,21.230442356318232,23.70232185348868,27.339300140738487,12.10155250107409,10.44095,23.330904999999998,26.09730399999999,31.9756,12.095806138933764,3.14595,6.072044999999998,6.720897999999997,7.7054,3.462428675282714,0.22744999999999999,3.119715,3.5602529999999994,3.9513,0.5770770597738287,0.29798399999999997,0.339968,0.35085311999999985,0.36147199999999996,0.2643226882067851,0.0,0.0,0.0,0.0,0.0,16531.0,156695.1999999999,160087.0,171960.0,47674.31098546042,602443776.0,616281292.8,617630228.48,617873408.0,604395285.092084,11410992236.0,11425475439.2,11426913059.68,11427408772.0,11412819768.478191,319.0,319.0,319.0,319.0,319.0,3.0,3.0,3.0,3.0,3.0,15.03780039999765,14.95859339999879,82.69494108985542,3942424.3384420965,0.0,not observed; save counters deliberately omitted,102742,102742,0,17916,17916,0,597499904,619835392,22335488,4934993252,4937105292,2112040,8946950144,8946950144,0,1864,1864,0,1864,1864,0,1864,1864,0,120,0,3840,2160,River,480,732,79,69,97,50,1.0,1.0,False,False,False,False,False,False,394.869
editor-closed-r2,1244,15.0,5.0,Editor,88.37389945983887,10.246350000670645,23.44936000099551,25.733097999800513,86.33670000199345,12.035652813505985,10.423249565064907,22.397966217249632,24.548579771071665,88.37389945983887,12.041309727146215,10.233,23.051029999999997,26.720295999999994,86.2727,12.038942122186494,3.09645,6.201039999999999,6.885671999999997,8.235199999999999,3.4476042604501607,0.2273,3.02526,3.4697999999999998,3.8198,0.5783594855305466,0.29798399999999997,0.3328,0.342016,0.354304,0.26259837942122183,0.0,0.0,0.0,0.0,0.0,16479.0,157263.0,160087.0,172105.0,47547.288585209004,565264384.0,588108390.4,589765386.24,590200832.0,571804299.9356914,11373839079.0,11397270810.4,11398992755.04,11399448564.0,11380186424.64389,319.0,319.0,319.0,319.0,319.0,3.0,3.0,3.0,3.0,3.0,15.04057869999815,14.957785700000386,83.10053539542072,3951205.1380314445,0.0,not observed; save counters deliberately omitted,102742,102742,0,17916,17916,0,579411968,569315328,-10096640,4935923148,4936042551,119403,8946950144,8946950144,0,1868,1869,1,1868,1869,1,1868,1869,1,120,0,3840,2160,River,480,732,79,69,97,50,1.0,1.0,False,False,False,False,False,False,330.8136
editor-layout-frozen-r1,1097,15.0,5.0,Editor,174.8829036951065,11.846199999126839,25.52404000016395,27.806532000249707,31.001999999716645,13.64352825888637,12.089001946151257,24.2567989975214,26.611217558383935,30.177699401974678,13.639814586275909,11.8334,25.822080000000003,28.541243999999995,32.672599999999996,13.637335916134912,3.5814999999999997,6.732900000000001,7.435068,8.7636,3.972001549680948,0.3392,3.36138,3.8042839999999987,4.4909,0.7388117593436645,0.34099199999999996,0.393472,0.405504,2.709504,0.297760700729927,0.0,0.029120000000000004,0.0329,0.28909999999999997,0.0058779398359161345,18631.0,157946.4,176405.0,179229.0,53359.73928896992,587997184.0,602822246.4,604028928.0,604332032.0,590430693.396536,11396720925.0,11412122891.4,11413605783.56,11415962928.0,11399142198.614403,384.0,384.0,384.0,384.0,383.74384685505925,3.0,3.0,3.0,3.0,3.0,15.135843599997315,14.952810599999793,73.29725690500054,3911122.5190474787,0.0,not observed; save counters deliberately omitted,102745,102745,0,17916,17916,0,583770112,606388224,22618112,4937237520,4936916548,-320972,8946950144,8946950144,0,1863,1863,0,1863,1863,0,1863,1863,0,120,0,3840,2160,River,480,732,79,69,97,50,1.0,1.0,False,False,False,False,False,False,353.2948
editor-layout-frozen-r2,1071,15.0,5.0,Editor,114.21380192041397,11.705900000379188,25.844399999186862,32.07847000048786,114.77110000123503,13.975563025210771,12.114902026951313,24.629198014736176,30.248769372701627,114.21380192041397,13.97430690146294,11.7225,25.8299,30.559309999999996,104.62429999999999,13.971480485527543,3.5753,6.833349999999999,7.503429999999999,89.7845,4.068492343604108,0.3447,3.3042499999999997,3.7083899999999996,5.4965,0.754257329598506,0.32051199999999996,0.385024,0.4204543999999999,3.034112,0.28763022222222223,0.0,0.0295,0.03482999999999999,0.28659999999999997,0.0060404295051353874,18711.0,157919.5,160964.69999999998,298286.0,54320.19514472456,566849536.0,581810176.0,583347814.4,583720960.0,568125889.3744165,11375952283.0,11391761322.5,11393320839.0,11396155626.0,11377205827.279179,384.0,384.0,384.0,384.0,384.0,3.0,3.0,3.0,3.0,3.0,15.039214999997057,14.9513838999992,71.56528165931564,3887440.0653212033,0.0,not observed; save counters deliberately omitted,102745,102745,0,17916,17916,0,561823744,556277760,-5545984,4935872907,4935440505,-432402,8946950144,8946950144,0,1867,1868,1,1867,1868,1,1867,1868,1,120,0,3840,2160,River,480,732,79,69,97,50,1.0,1.0,False,False,False,False,False,False,425.00010000000003
editor-matched-player-open-r1,1056,15.0,5.0,Editor,87.68009394407272,11.256350000621751,32.16395000072225,34.62392999990698,85.61059999919962,14.166798011363866,11.501048691570759,30.58822313323617,33.17852895706893,87.68009394407272,14.181170074593727,11.2556,25.85745,27.985725,85.5919,14.170720928030303,3.4981999999999998,10.488875,11.330105000000005,13.036,4.356339867424242,0.3499,3.488275,3.803535000000002,4.233099999999999,0.7702813446969696,0.35225599999999996,0.403456,0.41676799999999997,2.834432,0.3078448475378788,0.0,0.030299999999999997,0.039720000000000075,0.16269999999999998,0.006113446969696969,17194.0,160043.0,169543.8000000001,3868620.0,58496.18087121212,575115264.0,609053696.0,610825216.0,611475456.0,580397540.8484849,11383617539.0,11419228075.0,11421344138.85,11423581818.0,11389134057.430872,384.0,384.0,384.0,384.0,383.9640151515151,3.0,3.0,3.0,3.0,3.0,15.03567209999892,14.946654200000921,70.58435860514756,4128915.407645209,0.0,not observed; save counters deliberately omitted,102745,102745,0,17916,17916,0,604389376,591855616,-12533760,4937470183,4936563232,-906951,8946950144,8946950144,0,1861,1862,1,1861,1862,1,1861,1862,1,120,0,3840,2160,River,480,868,79,69,97,50,1.0,1.0,False,False,False,False,False,False,399.5657
editor-matched-player-open-r2,1058,15.0,5.0,Editor,160.49200296401978,11.94364999901154,27.4721750012759,30.84739700043429,33.479200003057485,14.138068903590321,12.299500405788422,26.420983485877514,29.608539231121558,32.18979761004448,14.149286221740995,11.91235,25.011145,27.807156000000003,29.6038,14.142625047258978,3.5950499999999996,7.33854,7.836185,8.8949,4.3503328922495275,0.34675,3.40983,3.820984,4.0919,0.7636873345935727,0.318976,0.36863999999999997,0.38239232,0.396288,0.276383213610586,0.0,0.030529999999999995,0.036199999999999996,0.0545,0.005868431001890359,18631.0,157236.0,160252.74000000002,173444.0,54582.71550094518,549335040.0,563889356.8,565004001.28,565424128.0,551940556.7032136,11357916785.0,11373023582.8,11374381156.93,11376776360.0,11360432026.963139,384.0,384.0,384.0,384.0,384.0,3.0,3.0,3.0,3.0,3.0,15.036104700000578,14.943039199999475,70.7352758600832,3860923.4381517973,0.0,not observed; save counters deliberately omitted,102745,102745,0,17916,17916,0,546136064,567357440,21221376,4935059994,4936743234,1683240,8946950144,8946950144,0,1866,1866,0,1866,1866,0,1866,1866,0,120,0,3840,2160,River,480,732,79,69,97,50,1.0,1.0,False,False,False,False,False,False,346.96320000000003
editor-original-setup-open-r1,1007,15.0,5.0,Editor,93.94379705190659,12.878400000772672,28.93526999905589,33.48730800149496,98.49099999701139,14.858506156902632,13.144295662641525,27.63031981885433,31.61753207445144,93.94379705190659,14.874665040704084,12.8325,26.301189999999995,30.325389999999985,98.4632,14.863798907646474,3.9488,7.947689999999997,10.194837999999963,88.54939999999999,4.815399304865938,0.3604,3.5244899999999992,3.9660759999999993,6.861599999999999,0.8054670307845084,0.35328,0.406528,0.42496,2.10432,0.31033606355511417,0.0,0.03176999999999999,0.04167599999999998,0.1724,0.00660695134061569,25069.0,160043.0,169204.87999999998,187139.0,58117.454816286,564682752.0,581827379.2,583502970.88,584036352.0,567748292.7666335,11373403404.0,11391903157.6,11393572104.22,11395106080.0,11376599888.237339,384.0,384.0,384.0,384.0,384.0,3.0,3.0,3.0,3.0,3.0,15.040914399996836,14.945706999998947,67.3102985358987,3911903.2338308142,99.72797930425796,not observed; save counters deliberately omitted,102745,102745,0,17916,17916,0,578174976,573730816,-4444160,4936980465,4936965018,-15447,8946950144,8946950144,0,1860,1861,1,1860,1861,1,1860,1861,1,-1,1,3840,2160,River,480,868,79,69,97,50,1.0,1.0,False,False,False,False,True,True,338.6066
editor-original-setup-open-r2,1054,15.0,5.0,Editor,46.408701688051224,12.016849999781698,27.14191500108427,30.671443999563053,33.598000001802575,14.187672865274738,12.645401060581207,26.15609699860215,29.39865289255977,32.036904245615005,14.204362605254836,12.0089,24.674625,27.447663,32.0025,14.193505882352941,3.7665499999999996,7.411719999999998,8.163349,9.3666,4.486573149905123,0.34759999999999996,3.4202999999999997,3.8419110000000005,4.2305,0.7700871916508538,0.324608,0.36863999999999997,0.38345728,0.412672,0.28237042884250474,0.0,0.030234999999999988,0.035041,0.24159999999999998,0.005901518026565465,25060.5,160043.0,167081.35,177147.0,55976.32922201139,616687616.0,634151321.6,636243722.24,636612608.0,618954744.2277039,11426394104.5,11444783808.55,11446998314.04,11449927262.0,11428713989.272297,383.0,384.0,384.0,384.0,383.3453510436433,3.0,3.0,3.0,3.0,3.0,15.030686099999002,14.937167500000214,70.49529303329999,3946067.731434166,100.26155758785356,not observed; save counters deliberately omitted,102745,102745,0,17916,17916,0,609640448,638619648,28979200,4936048485,4938313447,2264962,8946950144,8946950144,0,1865,1865,0,1865,1865,0,1865,1865,0,-1,1,3840,2160,River,480,732,79,69,97,50,1.0,1.0,False,False,False,False,True,True,338.56550000000004
editor-timeline,151,5.0,3.0,Editor,331.81828260421753,14.597299999877578,123.49520000134362,235.0917000003392,279.9425999983214,32.80676953643056,14.99780360609293,115.3159998357296,231.05785250663757,287.66319155693054,31.455698663627864,14.9908,115.26534999999998,232.5495,284.6246,31.432079470198673,4.1453999999999995,14.1374,19.16765,114.87259999999999,6.759972847682119,0.41759999999999997,3.97665,4.24505,4.4342999999999995,1.125848344370861,7.1434239999999996,12.490751999999999,227.60294399999998,289.22060799999997,13.783575721854303,0.0,0.0353,0.07555,0.1701,0.011118543046357615,33487.0,1397718.5,20825990.0,24378067.0,769813.5099337748,712814592.0,736221184.0,744548352.0,745828352.0,708870957.7748344,12663315237.0,12866857197.5,12877862202.5,12881580850.0,12657972323.81457,384.0,384.0,385.0,385.0,384.03973509933775,3.0,3.0,3.0,3.0,3.0,5.044082100001106,4.938225400001102,30.3752842063399,23383304.150118474,101.10858425557511,not observed; save counters deliberately omitted,102759,102764,5,17916,17916,0,677834752,760619008,82784256,5491619596,5894877216,403257620,8953307136,8953372672,65536,1871,1872,1,1871,1872,1,1871,1872,1,-1,1,3840,2160,River,480,732,79,69,97,50,1.0,1.0,False,False,False,False,True,True,625.7563
