capture,fixture,resolution,review,notes
01-fresh-town,fresh,3840x2160,contact-sheet reviewed,
02-fresh-options,fresh,3840x2160,contact-sheet reviewed,
03-fresh-library,fresh,3840x2160,contact-sheet reviewed,
04-developed-town,developed-copy,3840x2160,contact-sheet reviewed,
10-OpenOptions,developed-copy,3840x2160,contact-sheet reviewed,
10-OpenStats,developed-copy,3840x2160,contact-sheet reviewed,
10-OpenQuests,developed-copy,3840x2160,contact-sheet reviewed,Completed-history state; use fresh quest capture for actual entries.
10-OpenWiki,developed-copy,3840x2160,contact-sheet reviewed,
10-OpenUpgrades,developed-copy,3840x2160,contact-sheet reviewed,
10-OpenBuffs,developed-copy,3840x2160,contact-sheet reviewed,
10-OpenAlterEchoes,developed-copy,3840x2160,contact-sheet reviewed,
10-OpenCauldron,developed-copy,1382x739,contact-sheet reviewed,
10-OpenForge,developed-copy,3840x2160,contact-sheet reviewed,
10-OpenSkills,developed-copy,3840x2160,contact-sheet reviewed,
10-OpenInventory,developed-copy,3840x2160,invalid inventory baseline,Standalone route did not open a window. Use 95-inventory captures through Forge.
10-OpenCredits,developed-copy,3840x2160,contact-sheet reviewed,
20-statistics-General_Button,developed-copy,3840x2160,contact-sheet reviewed,
20-statistics-Items_Button,developed-copy,3840x2160,contact-sheet reviewed,
20-statistics-Tasks_Button,developed-copy,3840x2160,contact-sheet reviewed,
20-statistics-Enemies_Button,developed-copy,3840x2160,contact-sheet reviewed,
20-statistics-GraphButton,developed-copy,3840x2160,contact-sheet reviewed,
20-statistics-RankButton,developed-copy,3840x2160,contact-sheet reviewed,
21-inventory-Items_Button,developed-copy,3840x2160,invalid inventory baseline,Standalone route did not open a window. Use 95-inventory captures through Forge.
21-inventory-Enemies_Button,developed-copy,3840x2160,invalid inventory baseline,Standalone route did not open a window. Use 95-inventory captures through Forge.
21-inventory-Tasks_Button,developed-copy,3840x2160,invalid inventory baseline,Standalone route did not open a window. Use 95-inventory captures through Forge.
22-ToggleBeginAdventureDropdown,developed-copy,3840x2160,contact-sheet reviewed,
22-ToggleHubDropdown,developed-copy,3840x2160,contact-sheet reviewed,
22-ToggleTownsfolkDropdown,developed-copy,3840x2160,contact-sheet reviewed,
23-forge-inventory,developed-copy,3840x2160,contact-sheet reviewed,
30-synthetic-unlocked-town,synthetic-all-quest-flags,3840x2160,contact-sheet reviewed,
31-synthetic-OpenBuffs,synthetic-all-quest-flags,3840x2160,contact-sheet reviewed,
31-synthetic-OpenUpgrades,synthetic-all-quest-flags,3840x2160,contact-sheet reviewed,
31-synthetic-OpenSkills,synthetic-all-quest-flags,3840x2160,contact-sheet reviewed,
31-synthetic-OpenCauldron,synthetic-all-quest-flags,3840x2160,contact-sheet reviewed,
31-synthetic-OpenAlterEchoes,synthetic-all-quest-flags,3840x2160,contact-sheet reviewed,
31-synthetic-OpenForge,synthetic-all-quest-flags,3840x2160,contact-sheet reviewed,
40-tabs-0-AlterEchoes_Window-Buttons-enemiesButton,synthetic-all-quest-flags,3840x2160,contact-sheet reviewed,
40-tabs-1-Statistics_Window-Buttons-generalButton,synthetic-all-quest-flags,3840x2160,contact-sheet reviewed,
40-tabs-2-Statistics_Window-Buttons-rankButton,synthetic-all-quest-flags,3840x2160,contact-sheet reviewed,
40-tabs-3-Statistics_Window-Buttons-graphsButton,synthetic-all-quest-flags,3840x2160,contact-sheet reviewed,
40-tabs-4-Statistics_Window-Buttons-enemiesButton,synthetic-all-quest-flags,3840x2160,contact-sheet reviewed,
40-tabs-5-Statistics_Window-Buttons-tasksButton,synthetic-all-quest-flags,3840x2160,contact-sheet reviewed,
40-tabs-6-Statistics_Window-Buttons-itemsButton,synthetic-all-quest-flags,3840x2160,contact-sheet reviewed,
50-scroll-OpenOptions-0.5,synthetic-all-quest-flags,3840x2160,contact-sheet reviewed,
50-scroll-OpenOptions-0,synthetic-all-quest-flags,3840x2160,contact-sheet reviewed,
50-scroll-OpenBuffs-0.5,synthetic-all-quest-flags,3840x2160,contact-sheet reviewed,
50-scroll-OpenBuffs-0,synthetic-all-quest-flags,3840x2160,contact-sheet reviewed,
50-scroll-OpenSkills-0.5,synthetic-all-quest-flags,3840x2160,contact-sheet reviewed,
50-scroll-OpenSkills-0,synthetic-all-quest-flags,3840x2160,contact-sheet reviewed,
50-scroll-OpenUpgrades-0.5,synthetic-all-quest-flags,3840x2160,contact-sheet reviewed,
50-scroll-OpenUpgrades-0,synthetic-all-quest-flags,3840x2160,contact-sheet reviewed,
50-scroll-OpenQuests-0.5,synthetic-all-quest-flags,3840x2160,contact-sheet reviewed,Completed-history state; use fresh quest capture for actual entries.
50-scroll-OpenQuests-0,synthetic-all-quest-flags,3840x2160,contact-sheet reviewed,Completed-history state; use fresh quest capture for actual entries.
50-scroll-OpenCauldron-0.5,synthetic-all-quest-flags,3840x2160,contact-sheet reviewed,
50-scroll-OpenCauldron-0,synthetic-all-quest-flags,3840x2160,contact-sheet reviewed,
50-scroll-OpenAlterEchoes-0.5,synthetic-all-quest-flags,3840x2160,contact-sheet reviewed,
50-scroll-OpenAlterEchoes-0,synthetic-all-quest-flags,3840x2160,contact-sheet reviewed,
60-library-0,synthetic-all-quest-flags,3840x2160,contact-sheet reviewed,
60-library-1,synthetic-all-quest-flags,3840x2160,contact-sheet reviewed,
60-library-2,synthetic-all-quest-flags,3840x2160,contact-sheet reviewed,
60-library-3,synthetic-all-quest-flags,3840x2160,contact-sheet reviewed,
60-library-4,synthetic-all-quest-flags,3840x2160,contact-sheet reviewed,
60-library-5,synthetic-all-quest-flags,3840x2160,contact-sheet reviewed,
60-library-6,synthetic-all-quest-flags,3840x2160,contact-sheet reviewed,
60-library-7,synthetic-all-quest-flags,3840x2160,contact-sheet reviewed,
60-library-8,synthetic-all-quest-flags,3840x2160,contact-sheet reviewed,
60-library-9,synthetic-all-quest-flags,3840x2160,contact-sheet reviewed,
60-library-10,synthetic-all-quest-flags,3840x2160,contact-sheet reviewed,
60-library-11,synthetic-all-quest-flags,3840x2160,contact-sheet reviewed,
60-library-12,synthetic-all-quest-flags,3840x2160,contact-sheet reviewed,
70-cauldron-weights-tooltip,synthetic-all-quest-flags,3840x2160,contact-sheet reviewed,
80-dialog-Import,synthetic-presentation,3840x2160,contact-sheet reviewed,Synthetic presentation activation; action outcomes untested.
80-dialog-Export,synthetic-presentation,3840x2160,contact-sheet reviewed,Synthetic presentation activation; action outcomes untested.
80-dialog-Language Selector,synthetic-presentation,3840x2160,contact-sheet reviewed,Synthetic presentation activation; action outcomes untested.
80-dialog-Russian Partial Translation warning,synthetic-presentation,3840x2160,contact-sheet reviewed,Synthetic presentation activation; action outcomes untested.
80-dialog-Notification,synthetic-presentation,3840x2160,contact-sheet reviewed,Synthetic presentation activation; action outcomes untested.
80-dialog-Demo,synthetic-presentation,3840x2160,contact-sheet reviewed,Synthetic presentation activation; action outcomes untested.
81-quit-confirmation,synthetic-presentation,3840x2160,contact-sheet reviewed,Synthetic presentation activation; action outcomes untested.
82-forge-core-tooltip,synthetic-presentation,3840x2160,contact-sheet reviewed,
83-resource-tier-notification,synthetic-presentation,3840x2160,contact-sheet reviewed,Synthetic presentation activation; action outcomes untested.
90-run-hud,synthetic-unlocked-run,3840x2160,contact-sheet reviewed,Captured loading transition; settled HUD is 91-run-hud-settled.
91-run-hud-settled,synthetic-unlocked-run,3840x2160,contact-sheet reviewed,
92-run-skills,synthetic-unlocked-run,3840x2160,contact-sheet reviewed,
93-run-death,forced-death-presentation,3840x2160,contact-sheet reviewed,
94-return-to-town,synthetic-run-return,3840x2160,contact-sheet reviewed,
95-inventory-Items_Button,synthetic-presentation,3840x2160,contact-sheet reviewed,
95-inventory-Tasks_Button,synthetic-presentation,3840x2160,contact-sheet reviewed,
95-inventory-Enemies_Button,synthetic-presentation,3840x2160,contact-sheet reviewed,
96-dad-joke,synthetic-presentation,3840x2160,contact-sheet reviewed,
97-meeting-BarkleyMeetingTask,synthetic-presentation,3840x2160,contact-sheet reviewed,"Actual NPC portrait/dialogue prefab, synthetically shown over town; not a naturally triggered meeting."
98-dialogue-BarkleyMeetingTask,synthetic-presentation,3840x2160,contact-sheet reviewed,"Actual NPC portrait/dialogue prefab, synthetically shown over town; not a naturally triggered meeting."
97-meeting-FloraAndTillmanMeeting,synthetic-presentation,3840x2160,contact-sheet reviewed,"Actual NPC portrait/dialogue prefab, synthetically shown over town; not a naturally triggered meeting."
98-dialogue-FloraAndTillmanMeeting,synthetic-presentation,3840x2160,contact-sheet reviewed,"Actual NPC portrait/dialogue prefab, synthetically shown over town; not a naturally triggered meeting."
97-meeting-IvanMeetingTask,synthetic-presentation,3840x2160,contact-sheet reviewed,"Actual NPC portrait/dialogue prefab, synthetically shown over town; not a naturally triggered meeting."
98-dialogue-IvanMeetingTask,synthetic-presentation,3840x2160,contact-sheet reviewed,"Actual NPC portrait/dialogue prefab, synthetically shown over town; not a naturally triggered meeting."
97-meeting-OldTimerMeetingTask,synthetic-presentation,3840x2160,contact-sheet reviewed,"Actual NPC portrait/dialogue prefab, synthetically shown over town; not a naturally triggered meeting."
98-dialogue-OldTimerMeetingTask,synthetic-presentation,3840x2160,contact-sheet reviewed,"Actual NPC portrait/dialogue prefab, synthetically shown over town; not a naturally triggered meeting."
97-meeting-WitchMeetingTask,synthetic-presentation,3840x2160,contact-sheet reviewed,"Actual NPC portrait/dialogue prefab, synthetically shown over town; not a naturally triggered meeting."
98-dialogue-WitchMeetingTask,synthetic-presentation,3840x2160,contact-sheet reviewed,"Actual NPC portrait/dialogue prefab, synthetically shown over town; not a naturally triggered meeting."
99-fresh-quests,fresh-in-memory,3840x2160,contact-sheet reviewed,
99-fresh-upgrades,fresh-in-memory,3840x2160,contact-sheet reviewed,
99-fresh-buffs,fresh-in-memory,3840x2160,contact-sheet reviewed,
100-viewport-1280-town,synthetic-unlocked-desktop-viewport-only,1280x720,contact-sheet reviewed,Desktop runtime at this aspect ratio; not mobile platform or touch validation. Existing tooltip/scroll state retained.
101-viewport-1280-OpenOptions,synthetic-unlocked-desktop-viewport-only,1280x720,contact-sheet reviewed,Desktop runtime at this aspect ratio; not mobile platform or touch validation. Existing tooltip/scroll state retained.
101-viewport-1280-OpenStats,synthetic-unlocked-desktop-viewport-only,1280x720,contact-sheet reviewed,Desktop runtime at this aspect ratio; not mobile platform or touch validation. Existing tooltip/scroll state retained.
101-viewport-1280-OpenQuests,synthetic-unlocked-desktop-viewport-only,1280x720,contact-sheet reviewed,Completed-history state; use fresh quest capture for actual entries. Desktop runtime at this aspect ratio; not mobile platform or touch validation. Existing tooltip/scroll state retained.
101-viewport-1280-OpenWiki,synthetic-unlocked-desktop-viewport-only,1280x720,contact-sheet reviewed,Desktop runtime at this aspect ratio; not mobile platform or touch validation. Existing tooltip/scroll state retained.
101-viewport-1280-OpenBuffs,synthetic-unlocked-desktop-viewport-only,1280x720,contact-sheet reviewed,Desktop runtime at this aspect ratio; not mobile platform or touch validation. Existing tooltip/scroll state retained.
101-viewport-1280-OpenCauldron,synthetic-unlocked-desktop-viewport-only,1280x720,contact-sheet reviewed,Desktop runtime at this aspect ratio; not mobile platform or touch validation. Existing tooltip/scroll state retained.
101-viewport-1280-OpenForge,synthetic-unlocked-desktop-viewport-only,1280x720,contact-sheet reviewed,Desktop runtime at this aspect ratio; not mobile platform or touch validation. Existing tooltip/scroll state retained.
101-viewport-1280-OpenSkills,synthetic-unlocked-desktop-viewport-only,1280x720,contact-sheet reviewed,Desktop runtime at this aspect ratio; not mobile platform or touch validation. Existing tooltip/scroll state retained.
101-viewport-1280-OpenAlterEchoes,synthetic-unlocked-desktop-viewport-only,1280x720,contact-sheet reviewed,Desktop runtime at this aspect ratio; not mobile platform or touch validation. Existing tooltip/scroll state retained.
100-viewport-2340-town,synthetic-unlocked-desktop-viewport-only,2340x1080,contact-sheet reviewed,Desktop runtime at this aspect ratio; not mobile platform or touch validation. Existing tooltip/scroll state retained.
101-viewport-2340-OpenOptions,synthetic-unlocked-desktop-viewport-only,2340x1080,contact-sheet reviewed,Desktop runtime at this aspect ratio; not mobile platform or touch validation. Existing tooltip/scroll state retained.
101-viewport-2340-OpenStats,synthetic-unlocked-desktop-viewport-only,2340x1080,contact-sheet reviewed,Desktop runtime at this aspect ratio; not mobile platform or touch validation. Existing tooltip/scroll state retained.
101-viewport-2340-OpenQuests,synthetic-unlocked-desktop-viewport-only,2340x1080,contact-sheet reviewed,Completed-history state; use fresh quest capture for actual entries. Desktop runtime at this aspect ratio; not mobile platform or touch validation. Existing tooltip/scroll state retained.
101-viewport-2340-OpenWiki,synthetic-unlocked-desktop-viewport-only,2340x1080,contact-sheet reviewed,Desktop runtime at this aspect ratio; not mobile platform or touch validation. Existing tooltip/scroll state retained.
101-viewport-2340-OpenBuffs,synthetic-unlocked-desktop-viewport-only,2340x1080,contact-sheet reviewed,Desktop runtime at this aspect ratio; not mobile platform or touch validation. Existing tooltip/scroll state retained.
101-viewport-2340-OpenCauldron,synthetic-unlocked-desktop-viewport-only,2340x1080,contact-sheet reviewed,Desktop runtime at this aspect ratio; not mobile platform or touch validation. Existing tooltip/scroll state retained.
101-viewport-2340-OpenForge,synthetic-unlocked-desktop-viewport-only,2340x1080,contact-sheet reviewed,Desktop runtime at this aspect ratio; not mobile platform or touch validation. Existing tooltip/scroll state retained.
101-viewport-2340-OpenSkills,synthetic-unlocked-desktop-viewport-only,2340x1080,contact-sheet reviewed,Desktop runtime at this aspect ratio; not mobile platform or touch validation. Existing tooltip/scroll state retained.
101-viewport-2340-OpenAlterEchoes,synthetic-unlocked-desktop-viewport-only,2340x1080,contact-sheet reviewed,Desktop runtime at this aspect ratio; not mobile platform or touch validation. Existing tooltip/scroll state retained.
102-restored-desktop,synthetic-unlocked,3840x2160,contact-sheet reviewed,
