scenario,frames,seconds,warmup_s,context,raw_frame_max_including_boundary,wall_median,wall_p95,wall_p99,wall_max,wall_mean,frame_median,frame_p95,frame_p99,frame_max,frame_mean,main_median,main_p95,main_p99,main_max,main_mean,playerloop_median,playerloop_p95,playerloop_p99,playerloop_max,playerloop_mean,behaviour_median,behaviour_p95,behaviour_p99,behaviour_max,behaviour_mean,gpu_median,gpu_p95,gpu_p99,gpu_max,gpu_mean,canvas_median,canvas_p95,canvas_p99,canvas_max,canvas_mean,gc_alloc_median,gc_alloc_p95,gc_alloc_p99,gc_alloc_max,gc_alloc_mean,gc_used_median,gc_used_p95,gc_used_p99,gc_used_max,gc_used_mean,memory_median,memory_p95,memory_p99,memory_max,memory_mean,ft_main_median,ft_main_p95,ft_main_p99,ft_main_max,ft_main_mean,ft_render_median,ft_render_p95,ft_render_p99,ft_render_max,ft_render_mean,ft_gpu_median,ft_gpu_p95,ft_gpu_p99,ft_gpu_max,ft_gpu_mean,actual_seconds,sample_span_s,sampled_frames_per_s,gc_alloc_bytes_per_s,tastes_per_s,kills_per_s,tasks_per_s,crafts_per_s,throughput_source,objects_before,objects_after,objects_delta,gameObjects_before,gameObjects_after,gameObjects_delta,mono_before,mono_after,mono_delta,allocated_before,allocated_after,allocated_delta,reserved_before,reserved_after,reserved_delta,gc0_before,gc0_after,gc0_delta,gc1_before,gc1_after,gc1_delta,gc2_before,gc2_after,gc2_delta,fps,vsync,width,height,map,CraftingMasteryLevel,CauldronEvaLevel,cards,resources,quests,histories,timeScale_start,timeScale_end,inRun_start,inRun_end,forgeAuto_start,forgeAuto_end,IsTasting_start,IsTasting_end
player-forge-native-cap144-r1,2876,20.0,5.0,Development Player,21.30899950861931,6.944501306861639,6.947627989575267,7.108926656655967,10.33080369234085,6.950682375135783,6.944501306861639,6.947627989575267,7.108926656655967,10.33080369234085,6.950682375135783,6.9413,6.9491,7.11055,10.3278,6.947449687065368,6.936999999999999,6.945125,7.10725,10.3246,6.943044297635605,0.1714,1.9197,2.0555499999999998,2.3623,0.29465055632823367,0.84992,0.8959999999999999,0.904192,0.9431039999999999,0.8571916105702364,0.0,0.0208,0.0259,0.0687,0.002296105702364395,578.0,38201.0,45736.0,48395.0,5295.880737134909,91107328.0,96387072.0,97042432.0,97214464.0,91218847.15438108,1053591353.0,1058980451.75,1061106035.0,1061853153.0,1053691877.4474965,1.8265500000000001,4.060875,4.4131,21.2935,2.116192107093185,0.4207,0.4811,0.576425,0.7548,0.4255291724617524,0.84992,0.896,0.904192,0.943104,0.8571930347705146,20.015170099999978,19.983223399999986,143.8706830450588,761921.9789767689,99.97416909287233,0.0,0.0,19.185447741960505,live runtime counters,63767,63767,0,11403,11403,0,89858048,94367744,4509696,448654804,448984497,329693,1124892672,1124892672,0,96,97,1,96,97,1,96,97,1,144,0,3840,2160,,480,732,79,69,97,50,1.0,1.0,False,False,True,True,True,True
player-forge-native-cap144-r2,2877,20.0,5.0,Development Player,21.018898114562035,6.944493856281042,6.947697140276432,7.135190796107054,8.255095221102238,6.949798575627398,6.944493856281042,6.947697140276432,7.135190796107054,8.255095221102238,6.949798575627398,6.941,6.949999999999999,7.130771999999999,8.2457,6.946316788321168,6.936599999999999,6.94552,7.126007999999999,8.2412,6.941714668057004,0.1863,1.9645599999999999,2.104192,2.2876,0.3095013208202989,0.8509439999999999,0.8959999999999999,0.904192,0.925696,0.8575446534584636,0.0,0.0212,0.02889599999999991,0.0628,0.0023090371915189434,578.0,38201.0,45736.0,50852.0,5315.055265901981,108580864.0,115508019.2,116170752.0,116350976.0,108912218.58324644,1070970093.0,1078224254.4,1080397299.12,1081592707.0,1071466585.5769899,1.9217,4.21196,4.679167999999999,21.0064,2.217559297879736,0.4384,0.5154399999999999,0.6527679999999998,2.66,0.4459400069516858,0.850944,0.896,0.904192,0.925696,0.857559246437261,20.019206300000008,19.987531700000034,143.889702999195,764781.7236349436,99.95401266233014,0.0,0.0,19.181579641346712,live runtime counters,63767,63767,0,11403,11403,0,108138496,110317568,2179072,448812501,449029130,216629,1124892672,1124892672,0,99,100,1,99,100,1,99,100,1,144,0,3840,2160,,480,732,79,69,97,50,1.0,1.0,False,False,True,True,True,True
player-forge-native-cap144-r3,2877,20.0,5.0,Development Player,29.145102947950363,6.944501306861639,6.947524193674326,7.123719044029712,8.368502371013165,6.949498960706232,6.944501306861639,6.947524193674326,7.123719044029712,8.368502371013165,6.949498960706232,6.9411,6.9493,7.125471999999999,8.363999999999999,6.946132638164754,6.9367,6.94512,7.120539999999999,8.3599,6.941592944038929,0.1867,1.9752599999999996,2.1028439999999997,3.3213999999999997,0.30969158846020156,0.859136,0.8929279999999999,0.9011199999999999,0.925696,0.8609024622871045,0.0,0.02141999999999998,0.027323999999999977,0.0404,0.0023481404240528326,578.0,38201.0,45736.0,48395.0,5298.8919012860615,87851008.0,94961664.0,95596544.0,95768576.0,89180119.42440042,1050778707.0,1057715621.2,1059561035.6,1062510434.0,1051599382.1890858,1.9343,4.23048,4.596996,29.131,2.225108967674661,0.4367,0.50412,0.5845959999999982,0.7781,0.44106836982968367,0.859136,0.892928,0.90112,0.925696,0.8609092248870351,20.023186699999997,19.98672220000003,143.8955308039452,762486.8628082842,99.9840849508735,0.0,0.0,19.177766544023687,live runtime counters,63767,63767,0,11403,11403,0,86016000,88621056,2605056,448700331,448713795,13464,1124892672,1124892672,0,102,103,1,102,103,1,102,103,1,144,0,3840,2160,,480,732,79,69,97,50,1.0,1.0,False,False,True,True,True,True
player-forge-native-cap30-r1,599,20.0,5.0,Development Player,33.67239981889725,33.33350270986557,33.33849832415581,33.55252169072628,33.67239981889725,33.338904312387335,33.33350270986557,33.33849832415581,33.55252169072628,33.67239981889725,33.338904312387335,33.3285,33.34028,33.545500000000004,33.668,33.334056761268776,33.3227,33.33432,33.538204,33.6627,33.32809532554257,0.3186,2.10344,2.212733999999999,2.4087,0.7973350584307178,1.7151999999999998,4.975104,5.36066048,5.415935999999999,2.0716853388981633,0.0,0.027520000000000006,0.042515999999999984,0.125,0.010123205342237061,10098.0,65722.0,75204.73999999998,82317.0,20341.64774624374,88596480.0,94183424.0,94720327.68,94818304.0,89022669.14190318,1052816615.0,1058716668.1,1060420975.48,1061354104.0,1052836022.3956594,2.6768,6.74233,7.617177999999996,21.1363,3.678418530884808,0.5394,0.6314799999999999,0.8112359999999996,0.9177,0.5483352253756261,1.7152,4.975104000000001,5.36066048,5.415936,2.072495652754591,20.031934800000016,19.9365607,29.995143545496287,610150.644100502,99.99034142223738,0.0,0.0,15.67497114657141,live runtime counters,63760,63767,7,11403,11403,0,87470080,87867392,397312,448466526,448713326,246800,1124892672,1124892672,0,78,79,1,78,79,1,78,79,1,30,0,3840,2160,,480,732,79,69,97,50,1.0,1.0,False,False,True,True,True,True
player-forge-native-cap30-r2,599,20.0,5.0,Development Player,33.61930325627327,33.33330526947975,33.338914066553116,33.47899213433266,33.61930325627327,33.337025516021235,33.33330526947975,33.338914066553116,33.47899213433266,33.61930325627327,33.337025516021235,33.327999999999996,33.37085999999999,33.511613999999994,33.780899999999995,33.33190784641068,33.322199999999995,33.365919999999996,33.505894,33.7733,33.32599816360601,0.3222,2.0848400000000002,2.25352,2.5726999999999998,0.7911899833055092,1.754112,5.2175872000000005,5.3637324799999995,5.38624,2.284502968280467,0.0,0.02901,0.038703999999999995,0.0667,0.009419866444073456,17505.0,64510.1,75556.41999999995,80640.0,20406.235392320534,101343232.0,107438489.6,108044288.0,108130304.0,101714750.82470785,1065367034.0,1072153044.4,1073578122.8,1075235843.0,1065588057.8647746,2.6825,6.768890000000001,7.296403999999997,25.8052,3.677698831385643,0.5381,0.62049,0.6864,0.8221,0.5430856427378965,1.754112,5.2175872000000005,5.3637324799999995,5.38624,2.2846072520868113,20.030156799999986,19.93567440000004,29.996477069268288,612115.1720158339,100.34869023092227,0.0,0.0,15.776211996503203,live runtime counters,63767,63767,0,11403,11403,0,109047808,109404160,356352,448759512,449273029,513517,1124892672,1124892672,0,80,81,1,80,81,1,80,81,1,30,0,3840,2160,,480,732,79,69,97,50,1.0,1.0,False,False,True,True,True,True
player-forge-native-cap30-r3,599,20.0,5.0,Development Player,33.55869650840759,33.333297818899155,33.338796347379684,33.43723677098751,33.55869650840759,33.33684073789092,33.333297818899155,33.338796347379684,33.43723677098751,33.55869650840759,33.33684073789092,33.3283,33.36886,33.502224000000005,33.571,33.331910183639394,33.3223,33.36289,33.49686,33.567299999999996,33.326022871452416,0.3185,2.07794,2.2032019999999983,2.3965,0.7907928213689482,1.7336319999999998,4.9496063999999995,5.29408,5.380096,2.096929759599332,0.0,0.030410000000000003,0.035825999999999976,0.3198,0.00972787979966611,17505.0,61109.600000000006,72285.84,76694.0,20469.23205342237,78573568.0,81863884.8,82436096.0,82571264.0,77980830.98497497,1042000264.0,1046575001.8,1048070135.4,1049452636.0,1041734537.1535894,2.6637,6.77849,7.364965999999997,20.156,3.6513020033388983,0.5386,0.6187400000000001,0.7476479999999993,0.9379,0.5439317195325543,1.733632,4.9496064,5.29408,5.380096,2.0970357529215358,20.032447900000022,19.934906000000012,29.997633297092026,614028.5170116463,100.337213406655,0.0,0.0,15.874245703142433,live runtime counters,63767,63767,0,11403,11403,0,78651392,75710464,-2940928,448678010,449034629,356619,1124892672,1124892672,0,83,85,2,83,85,2,83,85,2,30,0,3840,2160,,480,732,79,69,97,50,1.0,1.0,False,False,True,True,True,True
player-forge-native-cap60-r1,1199,20.0,5.0,Development Player,27.58370153605938,16.666602343320847,16.670599579811096,16.723904199898243,17.048703506588936,16.668734262643802,16.666602343320847,16.670599579811096,16.723904199898243,17.048703506588936,16.668734262643802,16.662399999999998,16.67281,16.720584,17.0502,16.664831276063385,16.6577,16.6683,16.7141,17.0446,16.659991159299416,0.2417,2.01265,2.11984,2.4722999999999997,0.5133239366138449,1.3557759999999999,1.7965055999999995,3.525632,4.478975999999999,1.4514546655546288,0.0,0.024309999999999988,0.03501199999999999,0.045899999999999996,0.005932693911592994,2147.0,45753.0,60817.0,64867.0,11249.228523769809,92192768.0,98745139.2,99340288.0,99524608.0,92658034.6555463,1055382934.0,1062746186.5,1064244053.44,1066723570.0,1055914315.3319433,2.3417,4.71599,6.244008,27.5648,2.8446419516263552,0.4862,0.58154,0.7180559999999999,3.7125,0.4990969974979149,1.355776,1.7965055999999995,3.525632,4.478976,1.4514538115095914,20.023220900000013,19.969085300000017,59.99273286693803,674871.9617856618,99.7841461160726,0.0,0.0,17.279937215295856,live runtime counters,63767,63767,0,11403,11403,0,87945216,90034176,2088960,448577200,448661511,84311,1124892672,1124892672,0,87,88,1,87,88,1,87,88,1,60,0,3840,2160,,480,732,79,69,97,50,1.0,1.0,False,False,True,True,True,True
player-forge-native-cap60-r2,1199,20.0,5.0,Development Player,23.89180101454258,16.666702926158905,16.669798642396927,16.72815553843975,17.26820506155491,16.6688579584381,16.666702926158905,16.669798642396927,16.72815553843975,17.26820506155491,16.6688579584381,16.662599999999998,16.69556,16.78052,17.266,16.664715012510424,16.657899999999998,16.691339999999997,16.776781999999997,17.2621,16.65984336947456,0.2384,2.01932,2.1610339999999995,2.4537999999999998,0.5186670558798999,1.837056,4.3254784,4.47188992,4.526079999999999,2.4102491793160965,0.0,0.023799999999999998,0.03411199999999999,0.0405,0.006300500417014178,595.0,53620.89999999998,65555.56,83005.0,11260.616346955796,72982528.0,78471168.0,79032729.6,79134720.0,73841502.5854879,1036611844.0,1042219978.9,1043638526.82,1046189248.0,1037036042.7514596,2.2989,4.911179999999999,6.659184,22.8589,2.8849546288573813,0.4825,0.5727899999999999,0.6683179999999999,0.7941,0.4903809007506255,1.837056,4.3254784,4.47188992,4.52608,2.410378141784821,20.023949500000015,19.969350899999995,59.991934940659505,675546.163278299,100.18003691030076,0.0,0.0,17.279308460101728,live runtime counters,63767,63767,0,11403,11403,0,111411200,74919936,-36491264,448832339,448727061,-105278,1124892672,1124892672,0,89,91,2,89,91,2,89,91,2,60,0,3840,2160,,480,732,79,69,97,50,1.0,1.0,False,False,True,True,True,True
player-forge-native-cap60-r3,1199,20.0,5.0,Development Player,19.616298377513885,16.666602343320847,16.670599579811096,16.779484450817108,17.101097851991653,16.669523175976693,16.666602343320847,16.670599579811096,16.779484450817108,17.101097851991653,16.669523175976693,16.662399999999998,16.67241,16.774986,17.102,16.6655964970809,16.657799999999998,16.66791,16.769988,17.0972,16.660697164303585,0.2377,2.01741,2.110462,3.2901,0.5135072560467056,1.353728,1.373184,3.5010559999999997,3.538944,1.4069563569641368,0.0,0.023799999999999998,0.033901999999999995,0.07189999999999999,0.005113177648040033,595.0,52812.2,65280.52,74401.0,11242.536280233528,93679616.0,97984512.0,98627584.0,98791424.0,93099230.90575479,1056494626.0,1061645040.9,1063230224.24,1067161795.0,1056149928.085905,2.2706,4.7334,6.332255999999999,19.5963,2.80715329441201,0.4794,0.5435099999999997,0.6333959999999998,3.3828,0.48704045037531274,1.353728,1.373184,3.501056,3.538944,1.4069879566305254,20.02110380000005,19.97063350000002,59.98808200050333,674418.1882722826,99.99448681745484,0.0,0.0,17.281764454964723,live runtime counters,63767,63767,0,11403,11403,0,93777920,97681408,3903488,448758237,449093397,335160,1124892672,1124892672,0,93,94,1,93,94,1,93,94,1,60,0,3840,2160,,480,732,79,69,97,50,1.0,1.0,False,False,True,True,True,True
player-map-Farmlands-creation,935,8.0,0.0,Development Player,188.07309865951538,8.333404548466206,8.336798287928104,11.499855015426805,27.098398655653,8.476300195935258,8.333404548466206,8.336798287928104,11.499855015426805,27.098398655653,8.476300195935258,8.3302,8.33923,11.50154199999993,27.090799999999998,8.47304395721925,8.3258,8.3349,11.49558799999993,27.0857,8.468494759358288,0.5226999999999999,1.1426899999999995,3.720239999999989,9.6548,0.6319991443850267,0.822272,0.854016,0.86800384,0.88576,0.8110704256684491,0.0359,0.058189999999999985,0.07353199999999999,0.1011,0.0373951871657754,13833.0,86543.49999999993,214474.33999999872,2911281.0,32804.181818181816,101117952.0,105270067.2,106589306.88,108269568.0,101386452.46631016,1126120457.0,1131863620.9,1133344749.1,1135428980.0,1125568656.7550802,2.5854,4.070439999999996,16.916405999999846,564.5575,3.8200097326203206,0.424,0.5693799999999999,0.733193999999999,2.3801,0.4488639572192513,0.822272,0.854016,0.86800384,0.88576,0.8111076620320855,8.020055899999988,7.89604589999999,118.28705301725782,3880309.9939150373,101.24617709958869,2.4937482044233668,12.09467879145333,0.0,live runtime counters,65265,69969,4704,11762,12866,1104,95436800,106315776,10878976,499053609,511885720,12832111,1393393664,1393393664,0,104,106,2,104,106,2,104,106,2,120,0,3840,2160,Farmlands,480,732,79,69,97,50,1.0,4.0,True,True,False,False,True,True
player-map-Farmlands-return,597,5.0,0.0,Development Player,38.96840289235115,8.333297446370125,8.336599916219711,8.338198587298393,8.419394493103027,8.333613545363972,8.333297446370125,8.336599916219711,8.338198587298393,8.419394493103027,8.333613545363972,8.3294,8.337819999999999,8.3405,8.4198,8.32972797319933,8.3247,8.333,8.335911999999999,8.4131,8.32483283082077,0.2345,2.3411199999999996,2.4917279999999984,3.0269999999999997,0.4069608040201005,0.9984,1.0917887999999998,1.4350745599999994,3.7519359999999997,1.0223429798994974,0.0,0.0,0.0,0.0,0.0,595.0,19040.0,19041.28,28602.0,3009.0569514237854,96124928.0,96194560.0,96202752.0,96202752.0,96123809.66164154,1123940215.0,1124236612.6,1124395590.6,1124877818.0,1123923093.3383584,2.1812,4.254139999999999,5.014043999999998,51.3657,2.52478810720268,0.4695,0.5778399999999999,0.6994079999999991,3.6296,0.48458358458961476,0.9984,1.0917888,1.4350745599999994,3.751936,1.0225368978224456,5.017234800000097,4.96675879999998,119.99777400102506,361080.1360131649,99.0585491434426,0.0,0.0,0.0,live runtime counters,73729,74735,1006,13757,13956,199,95379456,97628160,2248704,515357844,512920502,-2437342,1393393664,1393393664,0,116,116,0,116,116,0,116,116,0,120,0,3840,2160,Farmlands,480,733,79,69,97,50,1.0,1.0,False,False,False,False,True,True
player-map-Farmlands-run,3567,30.0,2.0,Development Player,26.955200359225273,8.333397097885609,8.336798287928104,9.127531405538328,26.955200359225273,8.407796619505417,8.333397097885609,8.336798287928104,9.127531405538328,26.955200359225273,8.407796619505417,8.3301,8.3384,9.125540000000006,26.9527,8.404415335015418,8.3256,8.3341,9.122642000000004,26.9486,8.39980044855621,0.5627,1.1541199999999996,1.4883440000000017,6.8039,0.6490465377067564,0.868352,0.909312,0.9209241600000001,0.9471999999999999,0.8686270187832913,0.0421,0.0712,0.08860600000000013,0.23199999999999998,0.044451107373142694,19716.0,78813.09999999999,156003.6800000002,946713.0,30709.331931595178,89169920.0,111183872.0,113737809.92,114712576.0,90823695.78917858,1119044525.0,1138289196.1,1141627150.36,1144056165.0,1120975054.9562657,2.7823,3.95572,9.073638000000006,26.941,3.0483513036164847,0.4226,0.54147,0.6341120000000002,2.4871,0.43571572750210263,0.868352,0.909312,0.9209241600000001,0.9472,0.8686379276703112,30.018164399999932,29.98235859999994,118.93660694192374,3652463.7413972034,99.93948863841943,2.9315583333936366,14.491225852570818,0.0,live runtime counters,70516,73734,3218,12991,13758,767,106909696,96972800,-9936896,512241957,515628955,3386998,1393393664,1393393664,0,107,115,8,107,115,8,107,115,8,120,0,3840,2160,Farmlands,480,733,79,69,97,50,4.0,4.0,True,True,False,False,True,True
player-map-Haloween-creation,954,8.0,0.0,Development Player,54.22460287809372,8.333404548466206,8.336401544511318,8.579244390130043,22.11960032582283,8.361981834130717,8.333404548466206,8.336401544511318,8.579244390130043,22.11960032582283,8.361981834130717,8.330499999999999,8.382534999999999,8.618704000000001,22.1141,8.35884182389937,8.3261,8.378379999999998,8.613074000000003,22.112399999999997,8.354267400419287,0.47605,1.0965099999999974,1.4214250000000002,7.3887,0.5404893081761006,0.84992,1.0212864,1.42118912,3.8225919999999998,0.8754856362683437,0.0135,0.035199999999999995,0.04827600000000002,0.0668,0.017882285115303983,9233.5,87086.29999999994,121686.90000000001,2904841.0,26946.03039832285,110209024.0,117469184.0,118193684.48,118431744.0,111012866.14675052,1195718080.5,1203160113.7,1205373761.87,1206911785.0,1196140909.7997904,2.3333500000000003,3.801664999999999,8.510106000000004,500.6169,3.1306483228511532,0.39275,0.5146449999999999,0.6226640000000006,2.4437,0.4058648846960168,0.84992,1.0202623999999998,1.4211891200000002,3.822592,0.8752151614255765,8.02912040000001,7.955170500000008,119.79630103465401,3228034.769286422,99.761861834828,6.725518775381663,0.0,0.0,live runtime counters,85529,83946,-1583,16448,16064,-384,107261952,113074176,5812224,565210024,567330412,2120388,1393393664,1393393664,0,149,151,2,149,151,2,149,151,2,120,0,3840,2160,Haloween,480,732,79,69,97,50,1.0,4.0,True,True,False,False,True,True
player-map-Haloween-return,598,5.0,0.0,Development Player,28.748398646712303,8.333304896950722,8.336196839809418,8.446239689365028,9.677104651927948,8.338825049869293,8.333304896950722,8.336196839809418,8.446239689365028,9.677104651927948,8.338825049869293,8.33,8.337399999999999,8.444665999999996,9.673,8.335386120401337,8.3256,8.332699999999999,8.440577999999997,9.6678,8.330908695652173,0.14555,2.4576599999999997,2.612086999999998,3.004,0.34414498327759196,0.9789439999999999,1.0127359999999999,1.016832,1.019903,0.9816820602006688,0.0,0.0,0.0,0.0,0.0,578.0,19057.0,22629.0,27871.0,3006.814381270903,99770368.0,106450944.0,106487808.0,106500096.0,101786778.11371237,1182675052.5,1189371196.8,1189494188.83,1191337087.0,1184646527.6287625,1.83965,4.207169999999999,5.036787999999997,51.5354,2.2141897993311037,0.4314,0.50957,0.6479699999999998,0.735,0.43979866220735786,0.978944,1.012736,1.016832,1.019904,0.9818516120401338,5.020542000000091,4.978763599999979,119.90928832210521,360544.9725748651,98.79411426096843,0.0,0.0,0.0,live runtime counters,84837,85036,199,16226,16264,38,106000384,101400576,-4599808,568155735,565202694,-2953041,1393393664,1393393664,0,157,158,1,157,158,1,157,158,1,120,0,3840,2160,Haloween,480,733,79,69,97,50,1.0,1.0,False,False,False,False,True,True
player-map-Haloween-run,3590,30.0,2.0,Development Player,24.40350130200386,8.333404548466206,8.337801694869995,8.694447167217733,12.697399593889713,8.353993992650658,8.333404548466206,8.337801694869995,8.694447167217733,12.697399593889713,8.353993992650658,8.3301,8.381565,8.755740000000001,12.6951,8.350533788300835,8.325899999999999,8.377885,8.751719000000001,12.6912,8.34618155988858,0.45604999999999996,1.055955,1.4432910000000023,8.6004,0.5391753203342619,0.854016,0.9103359999999999,0.9236479999999999,0.9369599999999999,0.8590144891364903,0.0195,0.034499999999999996,0.0438,0.1671,0.018014401114206127,10028.5,66071.59999999999,93040.7600000001,930684.0,21892.672144846798,97949696.0,120011366.39999999,122200064.0,124006400.0,101264395.97994429,1187099222.5,1206857455.45,1210411845.33,1214195360.0,1189126044.2958217,2.29145,3.548534999999999,5.943053000000053,24.3921,2.4621074373259053,0.37324999999999997,0.4487649999999999,0.5365200000000002,2.1869,0.380624930362117,0.854016,0.910336,0.923648,0.93696,0.8590338852367688,30.020758099999966,29.982634500000017,119.70262319677072,2620610.2845250345,99.93085417786313,6.562126091013012,0.0,0.0,live runtime counters,83965,84842,877,16068,16227,159,120602624,100614144,-19988480,567320531,568247129,926598,1393393664,1393393664,0,151,157,6,151,157,6,151,157,6,120,0,3840,2160,Haloween,480,733,79,69,97,50,4.0,4.0,True,True,False,False,True,True
player-map-Mines-creation,953,8.0,0.0,Development Player,61.048801988363266,8.333404548466206,8.336818404495716,9.5730734243989,18.248597159981728,8.371119490059451,8.333404548466206,8.336818404495716,9.5730734243989,18.248597159981728,8.371119490059451,8.3303,8.33874,9.568836000000001,18.2092,8.368033473242392,8.3261,8.3352,9.564312000000001,18.2076,8.363507660020986,0.43889999999999996,0.8673599999999999,1.3407480000000003,8.6596,0.5004156348373557,0.840704,0.9250816,0.939008,0.9840639999999999,0.8399604449108079,0.027,0.04894,0.06793600000000005,0.153,0.02984365162644281,10651.0,84421.99999999999,110312.84000000003,2904841.0,27357.665267576074,90030080.0,114548736.0,115262914.56,115412992.0,98436232.46169989,1144301802.0,1167169483.0,1169502635.12,1171493236.0,1151445322.3420777,2.2588,3.7070799999999995,10.040940000000003,304.8822,2.901464428121721,0.3877,0.48009999999999997,0.560944,3.1637,0.3990871983210913,0.840704,0.924672,0.93847552,0.95744,0.8398315047219308,8.026251299999899,7.95936549999999,119.60752399170526,3272182.604848647,100.2958878200101,2.118049804894623,6.354149414683869,0.0,live runtime counters,81233,79982,-1251,15446,15200,-246,106078208,89862144,-16216064,533630869,537063935,3433066,1393393664,1393393664,0,128,130,2,128,130,2,128,130,2,120,0,3840,2160,Mines,480,732,79,69,97,50,1.0,4.0,True,True,False,False,True,True
player-map-Mines-return,598,5.0,0.0,Development Player,39.721596986055374,8.333397097885609,8.33681421354413,8.49226601421833,8.952501229941845,8.338605647090585,8.333397097885609,8.33681421354413,8.49226601421833,8.952501229941845,8.338605647090585,8.33,8.338415,8.490901,8.9495,8.335142809364548,8.3258,8.334415,8.487734999999999,8.9442,8.330709531772575,0.19145,2.354335,2.465385,2.6877,0.37678812709030096,1.002496,1.103872,1.4874214399999452,3.7119999999999997,1.0427521237458193,0.0,0.0,0.0,0.0,0.0,595.0,17488.0,25398.0,34772.0,3016.3411371237457,101867520.0,101896192.0,101900288.0,101900288.0,101867937.81939799,1155512431.0,1155764485.95,1155987153.53,1157878427.0,1155490631.1755853,1.91625,4.119905,4.580561999999999,49.7889,2.286297658862876,0.4315,0.522315,0.6693809999999997,3.4864,0.4450968227424749,1.002496,1.103872,1.4874214399999455,3.712,1.0430159197324416,5.027291699999978,4.978114600000026,119.92492097309227,361734.47249745246,101.04844324032406,0.0,0.0,0.0,live runtime counters,81406,82200,794,15539,15696,157,101474304,103473152,1998848,539612378,537023387,-2588991,1393393664,1393393664,0,138,138,0,138,138,0,138,138,0,120,0,3840,2160,Mines,480,733,79,69,97,50,1.0,1.0,False,False,False,False,True,True
player-map-Mines-run,3583,30.0,2.0,Development Player,32.66819566488266,8.333404548466206,8.33739023655653,10.02373134717345,12.437103316187859,8.370755629953461,8.333404548466206,8.33739023655653,10.02373134717345,12.437103316187859,8.370755629953461,8.3303,8.3394,10.020107999999999,12.4345,8.367531147083449,8.3261,8.335669999999999,10.016347999999997,12.431,8.36305322355568,0.45189999999999997,0.9875499999999997,1.4313119999999993,7.963,0.5366442645827518,0.851968,0.9103359999999999,0.9216,0.963584,0.8513884097125314,0.0306,0.051399999999999994,0.06501799999999998,0.174,0.032749037119732066,14521.0,69115.59999999995,107330.41999999998,944778.0,25572.70778677086,95711232.0,100425318.4,102407782.39999999,103211008.0,95683431.10019536,1151414328.0,1158037686.9,1160454398.06,1163084208.0,1151587001.7298353,2.333,3.8799599999999974,10.044197999999978,32.6537,2.610477449065029,0.3868,0.46847999999999995,0.5872499999999996,2.2176,0.39421646664806026,0.851968,0.910336,0.9216,0.963584,0.8514069863243092,30.02559329999997,29.983906100000013,119.46408810291727,3055020.216068953,100.01467647934881,3.163967454391654,7.32708252595962,0.0,live runtime counters,80240,81411,1171,15269,15540,271,91131904,102359040,11227136,537586872,539575518,1988646,1393393664,1393393664,0,131,137,6,131,137,6,131,137,6,120,0,3840,2160,Mines,480,733,79,69,97,50,4.0,4.0,True,True,False,False,True,True
player-map-River-creation,954,8.0,0.0,Development Player,60.69769710302353,8.333397097885609,8.336833165958524,8.56927745975554,19.08460259437561,8.355991481422627,8.333397097885609,8.336833165958524,8.56927745975554,19.08460259437561,8.355991481422627,8.3302,8.338235000000001,8.562483,19.058799999999998,8.352774947589099,8.325899999999999,8.333969999999999,8.557572,19.057199999999998,8.348221383647799,0.49065,0.7924499999999998,1.3388600000000037,6.1648,0.5333129979035639,0.8448,0.9970687999999998,1.03062528,3.689472,0.8571489004192872,0.027,0.0491,0.06708800000000001,0.2367,0.030271698113207547,12511.0,73976.2,114198.57000000037,2904841.0,27492.829140461217,111489024.0,114547507.2,116444446.72,116633600.0,111677246.79245283,1168500621.0,1172998918.9,1175379477.56,1177444353.0,1168769633.5052412,2.52265,3.6213649999999995,8.977493000000013,128.3423,2.91025607966457,0.4127,0.48920499999999995,0.5976020000000002,3.2988,0.4237691823899371,0.8448,0.9956863999999999,1.03062528,3.689472,0.8569761006289308,8.02763189999996,7.952311399999985,119.83937148135344,3294723.3644371107,99.15751119579909,2.366825015980129,6.228486884158235,0.0,live runtime counters,83699,81943,-1756,16055,15666,-389,111939584,116146176,4206592,538264679,540438183,2173504,1393393664,1393393664,0,138,140,2,138,140,2,138,140,2,120,0,3840,2160,River,480,732,79,69,97,50,1.0,4.0,True,True,False,False,True,True
player-map-River-return,598,5.0,0.0,Development Player,29.46610003709793,8.333297446370125,8.336134208366275,8.405904117971659,8.559396490454674,8.335130075833769,8.333297446370125,8.336134208366275,8.405904117971659,8.559396490454674,8.335130075833769,8.3299,8.337745,8.400538,8.5558,8.331726421404682,8.3255,8.333730000000001,8.394644,8.552,8.327035618729097,0.2208,2.4862599999999997,2.6056649999999997,3.9594,0.41342341137123745,1.010688,1.0804736,1.117184,3.528704,1.0251539765886288,0.0,0.0,0.0,0.0,0.0,595.0,19057.0,19057.0,28719.0,3022.5033444816054,105074688.0,105508864.0,105549824.0,105553920.0,105119435.77257524,1160638577.5,1161099401.4,1161234565.57,1161490953.0,1160639467.055184,1.9392,4.33479,4.891982999999994,52.7174,2.3163011705685617,0.433,0.51713,0.633282999999999,3.1931,0.44854615384615387,1.010688,1.0804736,1.117184,3.528704,1.0254092842809364,5.022594400000003,4.976130799999964,119.97273062034549,362617.97954658495,101.54114773830825,0.0,0.0,0.0,live runtime counters,82886,84030,1144,15862,16089,227,104255488,107167744,2912256,540979661,538551668,-2427993,1393393664,1393393664,0,148,148,0,148,148,0,148,148,0,120,0,3840,2160,River,480,733,79,69,97,50,1.0,1.0,False,False,False,False,True,True
player-map-River-run,3590,30.0,2.0,Development Player,23.90679530799389,8.333404548466206,8.336798287928104,8.624602695927024,14.448398724198341,8.35395919672709,8.333404548466206,8.336798287928104,8.624602695927024,14.448398724198341,8.35395919672709,8.3302,8.367099999999999,8.663361,14.4492,8.350427632311977,8.325849999999999,8.362565,8.659583,14.4452,8.345987158774372,0.4924,1.030255,1.5431010000000036,7.1025,0.5721744846796657,0.857088,0.9103359999999999,0.9195519999999999,0.9963519999999999,0.8579588278551532,0.029449999999999997,0.05125499999999997,0.06512200000000001,0.3323,0.032320362116991644,11211.5,82929.0,119341.56000000006,959605.0,25608.273259052923,94957568.0,100280524.8,101638594.56,103432192.0,95087349.58885793,1153403870.5,1159381465.2,1162420832.35,1165030770.0,1153591433.6562674,2.5361000000000002,3.9580049999999978,8.186129000000022,23.893,2.748422061281337,0.4052,0.503,0.6064990000000001,3.6779,0.41533735376044567,0.857088,0.910336,0.919552,0.996352,0.8579785091922005,30.020135299999993,29.982505500000002,119.70313821838538,3065390.6734625944,100.0994822298486,3.36440855414799,6.862061011430553,0.0,live runtime counters,82011,82891,880,15683,15863,180,92090368,99901440,7811072,540316746,541350617,1033871,1393393664,1393393664,0,141,148,7,141,148,7,141,148,7,120,0,3840,2160,River,480,733,79,69,97,50,4.0,4.0,True,True,False,False,True,True
player-map-Woods-creation,955,8.0,0.0,Development Player,57.43710324168205,8.333397097885609,8.336401544511318,8.53065423667431,15.767799690365791,8.347997156152239,8.333397097885609,8.336401544511318,8.53065423667431,15.767799690365791,8.347997156152239,8.33,8.3409,8.528664000000001,15.742999999999999,8.344490785340314,8.3255,8.33676,8.523532000000001,15.7418,8.339856335078533,0.48919999999999997,0.9973199999999997,1.3524240000000012,4.8153999999999995,0.5536598952879581,0.8458239999999999,0.954368,0.9977651200000001,1.020928,0.8487608942408377,0.032299999999999995,0.0509,0.06303800000000001,0.10959999999999999,0.033919895287958114,18394.0,76887.99999999999,104243.08000000005,2904531.0,28146.317277486913,87060480.0,110340505.6,111111536.64,111312896.0,94874378.45445026,1121205841.0,1143503020.5,1145634592.46,1147816171.0,1127771187.9455497,2.6557,3.6670499999999997,7.453722000000002,123.7266,3.010723455497382,0.4278,0.5472799999999999,0.6315360000000002,2.8582,0.43951204188481674,0.845824,0.9536511999999999,0.996352,1.011712,0.8485796858638743,8.030555599999957,7.956540099999984,119.90136265385026,3374781.7952582897,99.86855703981482,1.7433413947099843,10.460048368259907,0.0,live runtime counters,76234,76106,-128,14315,14294,-21,101306368,85962752,-15343616,515053118,518243804,3190686,1393393664,1393393664,0,117,119,2,117,119,2,117,119,2,120,0,3840,2160,Woods,480,732,79,69,97,50,1.0,4.0,True,True,False,False,True,True
player-map-Woods-return,598,5.0,0.0,Development Player,35.70479899644852,8.333404548466206,8.335798978805542,8.345223208889365,8.452600799500942,8.33397290753481,8.333404548466206,8.335798978805542,8.345223208889365,8.452600799500942,8.33397290753481,8.3301,8.3361,8.34323,8.452499999999999,8.330411538461538,8.3257,8.331914999999999,8.339012,8.4472,8.325848996655518,0.2146,2.3366499999999997,2.5257799999999997,2.7981,0.39924916387959863,0.9815039999999999,2.8155903999999996,3.7265510399999995,3.792896,1.1429911638795986,0.0,0.0,0.0,0.0,0.0,595.0,17488.0,17488.0,25206.0,2984.834448160535,100343808.0,100676198.4,100716544.0,100716544.0,100403015.06354515,1134058221.0,1134473293.0,1134603154.99,1135123930.0,1134082213.7324414,1.9793,4.25401,4.764572999999998,54.61,2.3600133779264216,0.43184999999999996,0.51607,0.6523029999999994,0.7655,0.43983260869565216,0.9815039999999999,2.8155904,3.7265510399999995,3.792896,1.1431658595317726,5.019757700000014,4.975418999999988,119.98989431844865,358149.9699928476,99.20797571564034,0.0,0.0,0.0,live runtime counters,78695,79734,1039,14881,15087,206,99852288,102240256,2387968,520000205,517670337,-2329868,1393393664,1393393664,0,127,127,0,127,127,0,127,127,0,120,0,3840,2160,Woods,480,733,79,69,97,50,1.0,1.0,False,False,False,False,True,True
player-map-Woods-run,3597,30.0,2.0,Development Player,33.10249373316765,8.333397097885609,8.336195722222328,8.419546075165272,11.983099393546581,8.33883180707892,8.333397097885609,8.336195722222328,8.419546075165272,11.983099393546581,8.33883180707892,8.3299,8.3368,8.416635999999999,11.9795,8.335128329163192,8.3256,8.3326,8.411988,11.975399999999999,8.330535279399498,0.49689999999999995,1.0169799999999998,1.4561919999999995,4.6608,0.560654128440367,0.8734719999999999,0.925696,0.9379839999999999,0.963584,0.875055399499583,0.0354,0.05731999999999998,0.07252399999999998,0.2989,0.03696335835418404,12646.0,78136.19999999991,111052.43999999996,981168.0,25615.40227967751,93712384.0,99795763.2,101606031.36,102301696.0,93849207.70864609,1131595541.0,1137271015.2,1139902374.2,1143204503.0,1130805253.9886017,2.5903,3.617299999999999,7.419956,33.0877,2.7416559077008618,0.4051,0.48449999999999993,0.601824,3.2604,0.41154081178760077,0.873472,0.925696,0.937984,0.963584,0.8750704876285794,30.029607899999974,29.98635999999999,119.92119083476625,3071829.5450905133,99.86810383894499,2.2311313628573903,11.022454941877555,0.0,live runtime counters,76386,78700,2314,14358,14882,524,87089152,101507072,14417920,518706425,520553789,1847364,1393393664,1393393664,0,120,126,6,120,126,6,120,126,6,120,0,3840,2160,Woods,480,733,79,69,97,50,4.0,4.0,True,True,False,False,True,True
player-taste100-closed-r1,1799,15.0,5.0,Development Player,24.888698011636734,8.333397097885609,8.336097002029419,8.424757290631533,8.695004507899284,8.336110711470454,8.333397097885609,8.336097002029419,8.424757290631533,8.695004507899284,8.336110711470454,8.3301,8.3376,8.427602,8.6937,8.33282551417454,8.3258,8.33301,8.423002,8.6891,8.32828110061145,0.09469999999999999,1.8798,2.001142,2.3232,0.24600983879933294,0.934912,3.405824,3.74687744,3.816448,1.3035901367426348,0.0,0.0,0.0,0.0,0.0,595.0,19040.0,26950.0,36524.0,2988.611450806003,75784192.0,78771404.8,79040512.0,79093760.0,75927076.14452474,1031152818.0,1034521811.1,1034774237.78,1034985263.0,1031331178.0200111,1.7433,3.47567,3.909706,24.8711,1.9250629794330183,0.4301,0.5201999999999999,0.700498,0.8421,0.44055386325736523,0.934912,3.405824,3.74687744,3.816448,1.3024858788215676,15.023142099999994,14.988395400000002,119.9594721126719,358512.25198857463,100.11221287722498,0.0,0.0,0.0,live runtime counters,63614,63614,0,11403,11403,0,73322496,80343040,7020544,443188822,443840946,652124,1120698368,1120698368,0,59,59,0,59,59,0,59,59,0,120,0,3840,2160,,480,732,79,69,97,50,1.0,1.0,False,False,False,False,True,True
player-taste100-closed-r2,1799,15.0,5.0,Development Player,23.404698818922043,8.333304896950722,8.335700258612633,8.338104132562876,8.961005136370659,8.334594259474462,8.333304896950722,8.335700258612633,8.338104132562876,8.961005136370659,8.334594259474462,8.3302,8.336609999999999,8.345859999999998,8.960099999999999,8.331397220678154,8.325899999999999,8.3323,8.340364,8.9568,8.326795886603668,0.12329999999999999,1.78641,1.881252,2.1117,0.26311817676486937,0.898048,0.963584,0.9881599999999999,1.005568,0.9113286926070039,0.0,0.0,0.0,0.0,0.0,595.0,17488.0,17516.05999999999,27412.0,2950.8538076709283,69591040.0,71933952.0,72151040.0,86740992.0,69790621.52751529,1029447046.0,1032028975.3,1032310531.12,1046523574.0,1029652122.0600333,1.7585,3.41771,3.8772579999999994,22.3762,1.9250996664813786,0.4282,0.49046999999999996,0.542708,0.6607,0.4318947192884936,0.898048,0.963584,0.98816,1.005568,0.91136,15.02278849999999,14.985670599999992,119.98128398738466,354047.228703421,100.04800373778816,0.0,0.0,0.0,live runtime counters,63662,63662,0,11403,11403,0,86736896,73404416,-13332480,446759052,447058053,299001,1124892672,1124892672,0,66,67,1,66,67,1,66,67,1,120,0,3840,2160,,480,732,79,69,97,50,1.0,1.0,False,False,False,False,True,True
player-taste100-closed-r3,1799,15.0,5.0,Development Player,26.618601754307747,8.333297446370125,8.336494490504265,8.410078454762697,8.721995167434216,8.335698189409559,8.333297446370125,8.336494490504265,8.410078454762697,8.721995167434216,8.335698189409559,8.329799999999999,8.33901,8.409142000000001,8.7183,8.33227948860478,8.3255,8.3345,8.404846,8.7149,8.327656142301278,0.1215,1.8477199999999998,1.9714199999999997,2.2411,0.2653639799888827,0.9431039999999999,0.9922559999999999,0.9973759999999999,1.011712,0.9403695375208448,0.0,0.0,0.0,0.0,0.0,595.0,17505.0,19057.0,36598.0,2961.786548082268,78352384.0,80941465.6,81174609.92,81215488.0,78497825.01389661,1037203409.0,1040055221.0,1040304360.14,1041004261.0,1037364963.5497499,1.7831,3.50797,4.0124759999999995,26.5977,1.9578309616453586,0.4348,0.49589999999999995,0.5406759999999999,0.6395,0.43795108393551974,0.943104,0.992256,0.997376,1.011712,0.9403507548638133,15.023641099999992,14.987651999999997,119.96542220222356,355311.9737135556,100.04232595785324,0.0,0.0,0.0,live runtime counters,63662,63662,0,11403,11403,0,76480512,82440192,5959680,445527776,446065032,537256,1124892672,1124892672,0,74,74,0,74,74,0,74,74,0,120,0,3840,2160,,480,732,79,69,97,50,1.0,1.0,False,False,False,False,True,True
player-taste100-open-r1,1730,15.0,5.0,Development Player,22.447597235441208,8.333602920174599,12.006448768079274,13.585282731801271,15.878599137067795,8.666759516204024,8.333602920174599,12.006448768079274,13.585282731801271,15.878599137067795,8.666759516204024,8.3306,12.079529999999998,13.562068,15.6984,8.663378554913294,8.3264,12.073834999999999,13.557832999999999,15.694199999999999,8.659081560693641,0.4199,2.1853149999999992,2.459893,5.7501999999999995,0.48466491329479766,1.126912,3.4381312,3.687864320000001,3.8983679999999996,1.4607407323699422,0.0,0.020499999999999997,0.023471000000000002,0.0931,0.004920115606936416,595.0,19057.0,28157.700000000004,36376.0,3052.7127167630056,96116736.0,99004416.0,99250176.0,99319808.0,96196989.18843931,1059222326.0,1063247120.75,1065103547.11,1066641709.0,1059295100.1895953,2.3277,12.066439999999998,13.582858000000002,22.4382,3.3353864739884393,0.44205,0.5443399999999999,2.1463550000000016,2.7224,0.466784161849711,1.126912,3.4381312,3.6878643200000014,3.898368,1.460701669364162,15.0213179,14.985577899999996,115.3775991515149,352214.6641594141,99.59179413944764,0.0,0.0,0.0,live runtime counters,63752,63752,0,11403,11403,0,93249536,100532224,7282688,448455826,448600787,144961,1124892672,1124892672,0,61,61,0,61,61,0,61,61,0,120,0,3840,2160,,480,732,79,69,97,50,1.0,1.0,False,False,False,False,True,True
player-taste100-open-r2,1715,15.0,5.0,Development Player,20.69939859211445,8.333595469594002,13.084918446838856,14.240961149334902,16.939902678132057,8.741700328864788,8.333595469594002,13.084918446838856,14.240961149334902,16.939902678132057,8.741700328864788,8.3304,13.07583,14.236133999999995,16.9332,8.738215626822157,8.3262,13.070689999999999,14.230377999999993,16.927599999999998,8.733874402332361,0.5134,2.3884899999999996,2.5485099999999994,2.9804,0.6695402915451895,1.079296,3.355648,3.5512319999999997,3.65056,1.4457285043731778,0.0,0.0212,0.025599999999999998,0.09129999999999999,0.005130087463556851,595.0,25727.5,28830.059999999998,34015.0,3057.0769679300292,86732800.0,89497600.0,89731072.0,89812992.0,86824376.05131195,1050908639.0,1054983417.1,1055881745.22,1057915558.0,1050943745.6472303,2.4855,13.07359,14.257271999999997,20.6891,3.5174861807580173,0.4416,0.53699,0.7616399999999995,3.126,0.4616518950437318,1.079296,3.355648,3.551232,3.65056,1.4457506705539358,15.018298800000025,14.983751600000005,114.39057759072831,349700.80010082846,99.81157120139316,0.0,0.0,0.0,live runtime counters,63752,63752,0,11403,11403,0,84193280,91025408,6832128,449565771,450111960,546189,1124892672,1124892672,0,69,69,0,69,69,0,69,69,0,120,0,3840,2160,,480,732,79,69,97,50,1.0,1.0,False,False,False,False,True,True
player-taste100-open-r3,1713,15.0,5.0,Development Player,36.96480393409729,8.333602920174599,13.005918450653553,13.778495900332928,14.720797538757324,8.745502842012826,8.333602920174599,13.005918450653553,13.778495900332928,14.720797538757324,8.745502842012826,8.3307,13.001199999999999,13.774339999999999,14.715599999999998,8.742201751313484,8.3266,12.99708,13.770391999999998,14.7115,8.73799678925861,0.49179999999999996,2.3468599999999995,2.516807999999999,2.7438,0.6463224168126094,1.1448319999999998,3.4676735999999995,3.7075763199999985,3.78368,1.467375252772913,0.0,0.0212,0.024387999999999986,0.028999999999999998,0.005041739638061879,595.0,25982.0,28756.96,34790.0,3060.1039112667836,87920640.0,90598604.8,90840596.48,90918912.0,88163348.92235844,1051085068.0,1055039109.0,1056143903.84,1057938136.0,1051170898.193812,2.3836,12.98884,13.764076,33.9977,3.4092485113835376,0.4302,0.49919999999999987,2.1706719999999997,2.7167,0.4524566841798015,1.144832,3.4676736,3.7075763199999985,3.78368,1.4673447752481028,15.018225699999988,14.972793199999984,114.34072301219,349894.49370667455,99.87864278800932,0.0,0.0,0.0,live runtime counters,63752,63752,0,11403,11403,0,94928896,92135424,-2793472,448561527,448482015,-79512,1124892672,1124892672,0,75,76,1,75,76,1,75,76,1,120,0,3840,2160,,480,732,79,69,97,50,1.0,1.0,False,False,False,False,True,True
player-town-developed-idle-r1,1799,15.0,5.0,Development Player,23.07859994471073,8.333297446370125,8.336097002029419,8.347313925623894,8.934899233281612,8.334630488906223,8.333297446370125,8.336097002029419,8.347313925623894,8.934899233281612,8.334630488906223,8.3299,8.3378,8.346202,8.9308,8.331260867148416,8.3254,8.333499999999999,8.33985,8.9255,8.326634408004447,0.10429999999999999,1.78436,1.8643119999999997,1.9765,0.2463769316286826,0.9328639999999999,0.9840639999999999,0.991232,3.897344,0.9462084446914952,0.0,0.0,0.0,0.0,0.0,595.0,17488.0,17488.0,17512.0,2152.244024458032,64270336.0,65998848.0,66150400.0,74047488.0,64331789.660922736,1016841586.0,1018564138.6,1018752785.78,1027874712.0,1016895075.4068928,1.7535,3.45274,3.7497239999999996,22.0604,1.9066433574207893,0.4397,0.52004,0.6165539999999998,4.8498,0.4482939410783769,0.932864,0.984064,0.991232,3.897344,0.9462021834352418,15.019064299999997,14.985618799999997,119.98169872037585,258229.89411525283,0.0,0.0,0.0,0.0,live runtime counters,63614,63614,0,11403,11403,0,74035200,67399680,-6635520,440669719,440654512,-15207,1120698368,1120698368,0,56,57,1,56,57,1,56,57,1,120,0,3840,2160,,480,732,79,69,97,50,1.0,1.0,False,False,False,False,False,False
player-town-developed-idle-r2,1799,15.0,5.0,Development Player,24.136798456311226,8.333304896950722,8.335815649479628,8.371340967714787,8.75039678066969,8.334945324599213,8.333304896950722,8.335815649479628,8.371340967714787,8.75039678066969,8.334945324599213,8.3302,8.3391,8.423319999999999,8.7507,8.331782934963869,8.3258,8.33441,8.418919999999998,8.747,8.327268982768205,0.1173,1.8629499999999999,1.9772539999999998,2.4124,0.2651712062256809,0.9103359999999999,0.970752,0.9748479999999999,0.9789439999999999,0.9075947081712061,0.0,0.0,0.0,0.0,0.0,578.0,19057.0,19057.0,19074.0,2143.9916620344634,70574080.0,72208793.6,72372224.0,72396800.0,70700131.61089495,1029607712.0,1031307796.5,1031481074.02,1032262584.0,1029757826.2379099,1.7195,3.4778599999999993,3.8408719999999996,22.2088,1.8978640911617566,0.4313,0.51084,0.622942,0.7778,0.4373246803779878,0.910336,0.970752,0.974848,0.978944,0.9076698432462479,15.026808100000025,14.986261500000026,119.97655319173477,257228.72968271363,0.0,0.0,0.0,0.0,live runtime counters,63662,63662,0,11403,11403,0,75796480,73633792,-2162688,445964755,445994371,29616,1124892672,1124892672,0,64,65,1,64,65,1,64,65,1,120,0,3840,2160,,480,732,79,69,97,50,1.0,1.0,False,False,False,False,False,False
player-town-developed-idle-r3,1799,15.0,5.0,Development Player,23.822803050279617,8.333397097885609,8.335700258612633,8.34311906248331,8.719501085579395,8.334586137451186,8.333397097885609,8.335700258612633,8.34311906248331,8.719501085579395,8.334586137451186,8.3302,8.3361,8.349519999999998,8.7176,8.331355141745414,8.325899999999999,8.3318,8.343716,8.7144,8.326876931628682,0.1195,1.7875899999999998,1.892132,2.9529,0.2631717065036131,0.89088,0.9534463999999999,0.966656,1.311744,0.8958360689271817,0.0,0.0,0.0,0.0,0.0,595.0,17488.0,17505.0,21060.0,2112.313507504169,68952064.0,70606848.0,70754304.0,98869248.0,69064110.88827126,1027511318.0,1029166595.1,1029350472.84,1057481786.0,1027616714.643691,1.7148,3.4861999999999993,3.8460419999999993,22.7924,1.887454585881045,0.4303,0.50378,0.642846,0.8487,0.43739494163424125,0.89088,0.9534463999999999,0.966656,1.311744,0.8958360689271818,15.019575199999991,14.985459399999996,119.98297496304988,253441.6586849848,0.0,0.0,0.0,0.0,live runtime counters,63662,63662,0,11403,11403,0,98861056,71995392,-26865664,445587061,445480473,-106588,1124892672,1124892672,0,71,72,1,71,72,1,71,72,1,120,0,3840,2160,,480,732,79,69,97,50,1.0,1.0,False,False,False,False,False,False
player-town-fresh-r1,1799,15.0,5.0,Development Player,21.00919745862484,8.333397097885609,8.336113579571247,8.33799809217453,8.537103421986103,8.333782797959893,8.333397097885609,8.336113579571247,8.33799809217453,8.537103421986103,8.333782797959893,8.3299,8.337399999999999,8.341099999999999,8.5278,8.330248415786548,8.3256,8.332799999999999,8.336607999999998,8.5237,8.325564035575319,0.0805,1.2837099999999997,1.3825379999999998,2.0269,0.185151528627015,1.088512,1.2605439999999999,1.4194278399999989,3.7550079999999997,1.1350855008337966,0.0,0.0,0.0,0.0,0.0,480.0,14542.0,14559.0,16129.0,1684.8304613674263,60833792.0,62390272.0,62525440.0,62550016.0,60835397.158421345,1004476750.0,1006029590.2,1006169734.98,1006496424.0,1004483122.4880489,1.608,2.8051099999999995,3.2035519999999997,20.9877,1.7386886603668705,0.4011,0.47581,0.6078859999999999,0.7553,0.4078451917732073,1.088512,1.2606464,1.4194278399999989,3.755008,1.1351424213451917,15.015722199999999,14.984164200000002,119.99334604195006,202168.44457287996,0.0,0.0,0.0,0.0,live runtime counters,46555,46555,0,7436,7436,0,59125760,55934976,-3190784,431814835,431819083,4248,1120698368,1120698368,0,54,55,1,54,55,1,54,55,1,120,0,3840,2160,,0,1,0,0,2,0,1.0,1.0,False,False,False,False,False,False
player-town-fresh-r2,1799,15.0,5.0,Development Player,13.794600032269955,8.333304896950722,8.336097002029419,8.354832399636507,8.564101532101631,8.334155017929385,8.333304896950722,8.336097002029419,8.354832399636507,8.564101532101631,8.334155017929385,8.33,8.33761,8.360308,8.5649,8.33081006114508,8.3256,8.3329,8.355218,8.561499999999999,8.326237909949972,0.2774,1.48297,1.5858399999999997,1.8109,0.3767749305169538,1.1950079999999998,1.225728,1.2503449599999998,2.589696,1.1789888604780434,0.0,0.0,0.0,0.0,0.0,497.0,14542.0,14542.0,14542.0,1700.6409116175653,66428928.0,67695820.8,67809525.76,67842048.0,66411100.49583102,1020403128.0,1021693844.9,1021808791.32,1021908207.0,1020399778.1523068,1.8346,3.043399999999999,3.373148,13.78,1.9508862145636465,0.4031,0.47171,0.6057179999999999,2.0587,0.410352751528627,1.195008,1.225728,1.25034496,2.589696,1.1789956909394108,15.012490299999996,14.984838999999994,119.98794247972906,204056.40388184242,0.0,0.0,0.0,0.0,live runtime counters,46603,46603,0,7436,7436,0,65097728,62148608,-2949120,440960916,440960900,-16,1124892672,1124892672,0,62,63,1,62,63,1,62,63,1,120,0,3840,2160,,0,1,0,0,2,0,1.0,1.0,False,False,False,False,False,False
player-town-fresh-r3,1798,15.0,5.0,Development Player,13.54040578007698,8.333304896950722,8.336501196026802,8.515605656430125,9.001899510622025,8.337875283235173,8.333304896950722,8.336501196026802,8.515605656430125,9.001899510622025,8.337875283235173,8.33,8.348994999999999,8.516357,8.9983,8.334504226918797,8.3257,8.34493,8.511168999999999,8.9934,8.330059677419355,0.26849999999999996,1.4655,1.564657,3.0993999999999997,0.36902769744160174,1.134592,3.303884799999999,3.4817843199999996,3.555328,1.381011488320356,0.0,0.0,0.0,0.0,0.0,480.0,14559.0,14895.0,16129.0,1677.3342602892103,87535616.0,88780800.0,88891392.0,88924160.0,87536839.33259177,1041682777.0,1042907796.5,1043035647.9,1043072382.0,1041670742.7007786,1.77555,2.9747549999999996,3.375854,13.5288,1.9042223025583982,0.39835,0.46895999999999993,0.5579679999999998,0.7956,0.4036489432703003,1.134592,3.3038847999999996,3.4817843199999996,3.555328,1.381013214682981,15.010247499999991,14.983143499999983,119.93477870648452,201170.71332459134,0.0,0.0,0.0,0.0,live runtime counters,46603,46603,0,7436,7436,0,86142976,89804800,3661824,441117004,441105482,-11522,1124892672,1124892672,0,70,70,0,70,70,0,70,70,0,120,0,3840,2160,,0,1,0,0,2,0,1.0,1.0,False,False,False,False,False,False
